purchase-date,sku,quantity-purchased,item-price,total-price,ship-postal-code
06-Oct-25,wtw-book-calendar-duo,2,399,798,400088
06-Oct-25,wtw-book-solo,1,399,399,411044
06-Oct-25,wtw-book-calendar-duo,2,399,798,122001
06-Oct-25,wtw-book-calendar-duo,2,399,798,678004
06-Oct-25,wtw-book-calendar-duo,2,399,798,247667
06-Oct-25,wtw-book-calendar,2,399,798,226003
06-Oct-25,wtw-book-calendar-duo,2,399,798,201309
06-Oct-25,wtw-book-calendar-duo,2,399,798,400057
06-Oct-25,wtw-book-calendar,1,399,399,122011
06-Oct-25,wtw-book-solo,5,399,1995,411009
06-Oct-25,wtw-book-calendar,10,399,3990,110091
06-Oct-25,wtw-book-calendar,1,399,399,440024
06-Oct-25,wtw-book-calendar,1,399,399,482002
06-Oct-25,wtw-book-calendar,1,399,399,110034
07-Oct-25,wtw-book-calendar-duo,2,399,798,560064
07-Oct-25,wtw-book-solo,1,399,399,682024
07-Oct-25,wtw-book-solo,1,399,399,282001
07-Oct-25,wtw-book-solo,1,399,399,444303
07-Oct-25,wtw-book-solo,1,399,399,396105
07-Oct-25,wtw-book-calendar,1,399,399,533003
07-Oct-25,wtw-book-solo,1,399,399,411061
07-Oct-25,wtw-book-solo,1,399,399,208011
07-Oct-25,wtw-book-calendar,1,399,399,785640
07-Oct-25,wtw-book-calendar-duo,2,399,798,800014
07-Oct-25,wtw-book-calendar,1,399,399,110008
07-Oct-25,wtw-book-solo,1,399,399,411046
07-Oct-25,wtw-book-calendar,1,399,399,302020
07-Oct-25,wtw-book-calendar-duo,2,399,798,122001
07-Oct-25,wtw-book-calendar-duo,2,399,798,560037
07-Oct-25,wtw-book-calendar-duo,2,399,798,735135
07-Oct-25,wtw-book-solo,1,399,399,122001
07-Oct-25,wtw-book-calendar-duo,2,399,798,490020
08-Oct-25,wtw-book-calendar,1,399,399,400026
08-Oct-25,wtw-book-solo,1,399,399,141012
08-Oct-25,wtw-book-solo,1,399,399,140701
08-Oct-25,wtw-book-calendar,1,399,399,492007
08-Oct-25,wtw-book-calendar,1,399,399,458441
08-Oct-25,wtw-book-calendar,1,399,399,110084
08-Oct-25,wtw-book-calendar,1,399,399,400057
08-Oct-25,wtw-book-solo,1,399,399,834010
08-Oct-25,wtw-book-solo,1,399,399,243722
08-Oct-25,wtw-book-solo,1,399,399,560016
08-Oct-25,wtw-book-solo,1,399,399,400706
08-Oct-25,wtw-book-calendar,1,399,399,500028
08-Oct-25,wtw-book-calendar,1,399,399,151001
08-Oct-25,wtw-book-solo,1,399,399,395003
08-Oct-25,wtw-book-solo,1,399,399,401303
08-Oct-25,wtw-book-calendar-duo,2,399,798,226005
08-Oct-25,wtw-book-solo,1,399,399,110062
08-Oct-25,wtw-book-solo,1,399,399,560038
08-Oct-25,wtw-book-calendar,1,399,399,211012
08-Oct-25,wtw-book-calendar,1,399,399,632002
08-Oct-25,wtw-book-solo,1,399,399,400093
08-Oct-25,wtw-book-solo,1,399,399,560036
08-Oct-25,wtw-book-solo,1,399,399,361004
08-Oct-25,wtw-book-calendar,1,399,399,603103
08-Oct-25,wtw-book-calendar,1,399,399,421201
08-Oct-25,wtw-book-calendar,1,399,399,421201
08-Oct-25,wtw-book-calendar,1,399,399,603103
08-Oct-25,wtw-book-solo,1,399,399,400702
08-Oct-25,wtw-book-solo,1,399,399,560004
08-Oct-25,wtw-book-solo,1,399,399,400083
08-Oct-25,wtw-book-calendar,1,399,399,700038
09-Oct-25,wtw-book-solo,1,399,399,226009
09-Oct-25,wtw-book-solo,1,399,399,560092
09-Oct-25,wtw-book-solo,1,399,399,560058
09-Oct-25,wtw-book-solo,1,399,399,110088
09-Oct-25,wtw-book-solo,1,399,399,302015
09-Oct-25,wtw-book-solo,1,399,399,400051
09-Oct-25,wtw-book-solo,1,399,399,110007
09-Oct-25,wtw-book-calendar,1,399,399,431122
09-Oct-25,wtw-book-calendar,1,399,399,600045
09-Oct-25,wtw-book-solo,1,399,399,712103
09-Oct-25,wtw-book-solo,1,399,399,311001
09-Oct-25,wtw-book-calendar,1,399,399,575003
09-Oct-25,wtw-book-calendar,1,399,399,560091
09-Oct-25,wtw-book-calendar,1,399,399,560076
09-Oct-25,wtw-book-calendar,1,399,399,733134
09-Oct-25,wtw-book-solo,1,399,399,411001
09-Oct-25,wtw-book-solo,1,399,399,133001
09-Oct-25,wtw-book-solo,1,399,399,411052
09-Oct-25,wtw-book-calendar-duo,2,399,798,711104
09-Oct-25,wtw-book-calendar,1,399,399,721301
09-Oct-25,wtw-book-calendar,1,399,399,560030
09-Oct-25,wtw-book-calendar,1,399,399,560016
09-Oct-25,wtw-book-solo,1,399,399,210507
09-Oct-25,wtw-book-solo,1,399,399,500009
09-Oct-25,wtw-book-solo,1,399,399,453555
09-Oct-25,wtw-book-solo,1,399,399,505001
09-Oct-25,wtw-book-calendar,1,399,399,600004
09-Oct-25,wtw-book-calendar,1,399,399,411014
09-Oct-25,wtw-book-solo,1,399,399,411038
09-Oct-25,wtw-book-solo,1,399,399,734001
09-Oct-25,wtw-book-solo,1,399,399,380013
09-Oct-25,wtw-book-calendar,1,399,399,410206
09-Oct-25,wtw-book-calendar,1,399,399,110052
09-Oct-25,wtw-book-solo,1,399,399,400093
09-Oct-25,wtw-book-solo,1,399,399,201306
09-Oct-25,wtw-book-solo,1,399,399,332001
09-Oct-25,wtw-book-solo,1,399,399,743251
09-Oct-25,wtw-book-calendar,1,399,399,590010
09-Oct-25,wtw-book-calendar,1,399,399,445302
09-Oct-25,wtw-book-calendar,1,399,399,560054
09-Oct-25,wtw-book-solo,1,399,399,522413
09-Oct-25,wtw-book-calendar-duo,2,399,798,110015
09-Oct-25,wtw-book-solo,1,399,399,174303
09-Oct-25,wtw-book-calendar,1,399,399,454775
09-Oct-25,wtw-book-calendar,1,399,399,560077
09-Oct-25,wtw-book-calendar,1,399,399,741235
09-Oct-25,wtw-book-calendar,1,399,399,490020
09-Oct-25,wtw-book-solo,1,399,399,530024
09-Oct-25,wtw-book-calendar-duo,2,399,798,560016
09-Oct-25,wtw-book-solo,1,399,399,721302
09-Oct-25,wtw-book-calendar,1,399,399,400064
09-Oct-25,wtw-book-calendar,1,399,399,400086
09-Oct-25,wtw-book-solo,1,399,399,412308
10-Oct-25,wtw-book-solo,1,399,399,834012
10-Oct-25,wtw-book-solo,1,399,399,110034
10-Oct-25,wtw-book-calendar,1,399,399,600087
10-Oct-25,wtw-book-solo,1,399,399,452018
10-Oct-25,wtw-book-solo,1,399,399,380007
10-Oct-25,wtw-book-solo,1,399,399,122017
10-Oct-25,wtw-book-solo,1,399,399,301001
10-Oct-25,wtw-book-solo,1,399,399,781015
10-Oct-25,wtw-book-solo,1,399,399,410218
10-Oct-25,wtw-book-solo,1,399,399,122011
10-Oct-25,wtw-book-solo,1,399,399,700163
10-Oct-25,wtw-book-solo,1,399,399,841401
10-Oct-25,wtw-book-calendar-duo,2,399,798,600036
10-Oct-25,wtw-book-solo,1,399,399,600061
10-Oct-25,wtw-book-solo,1,399,399,400705
10-Oct-25,wtw-book-calendar,1,399,399,560076
10-Oct-25,wtw-book-solo,1,399,399,600088
10-Oct-25,wtw-book-solo,1,399,399,421301
10-Oct-25,wtw-book-calendar,1,399,399,523105
10-Oct-25,wtw-book-solo,1,399,399,400101
10-Oct-25,wtw-book-calendar,1,399,399,440025
10-Oct-25,wtw-book-calendar,1,399,399,678731
10-Oct-25,wtw-book-solo,1,399,399,360005
10-Oct-25,wtw-book-solo,1,399,399,190009
10-Oct-25,wtw-book-solo,1,399,399,493773
10-Oct-25,wtw-book-solo,1,399,399,560097
10-Oct-25,wtw-book-calendar,1,399,399,144601
10-Oct-25,wtw-book-solo,1,399,399,211001
10-Oct-25,wtw-book-solo,1,399,399,799007
10-Oct-25,wtw-book-solo,1,399,399,587125
10-Oct-25,wtw-book-calendar,1,399,399,110032
10-Oct-25,wtw-book-solo,1,399,399,682024
10-Oct-25,wtw-book-calendar,1,399,399,391760
10-Oct-25,wtw-book-solo,1,399,399,141012
10-Oct-25,wtw-book-calendar,1,399,399,522002
10-Oct-25,wtw-book-solo,1,399,399,530016
10-Oct-25,wtw-book-calendar,1,399,399,400602
10-Oct-25,wtw-book-solo,1,399,399,600056
10-Oct-25,wtw-book-solo,1,399,399,500095
10-Oct-25,wtw-book-solo,1,399,399,226028
10-Oct-25,wtw-book-solo,1,399,399,456010
10-Oct-25,wtw-book-calendar,1,399,399,411060
10-Oct-25,wtw-book-solo,1,399,399,440024
10-Oct-25,wtw-book-solo,1,399,399,625002
10-Oct-25,wtw-book-solo,1,399,399,781334
10-Oct-25,wtw-book-solo,1,399,399,400604
10-Oct-25,wtw-book-calendar,1,399,399,560016
10-Oct-25,wtw-book-solo,1,399,399,800013
10-Oct-25,wtw-book-solo,2,399,798,741102
10-Oct-25,wtw-book-solo,1,399,399,226016
10-Oct-25,wtw-book-calendar,1,399,399,110067
10-Oct-25,wtw-book-calendar,1,399,399,600042
10-Oct-25,wtw-book-solo,1,399,399,400104
10-Oct-25,wtw-book-calendar-duo,2,399,798,382424
10-Oct-25,wtw-book-calendar,1,399,399,324007
10-Oct-25,wtw-book-solo,1,399,399,591113
10-Oct-25,wtw-book-solo,1,399,399,249203
10-Oct-25,wtw-book-solo,1,399,399,560076
10-Oct-25,wtw-book-calendar,1,399,399,326001
10-Oct-25,wtw-book-solo,1,399,399,396001
10-Oct-25,wtw-book-calendar,1,399,399,713104
10-Oct-25,wtw-book-calendar,1,399,399,802301
10-Oct-25,wtw-book-solo,1,399,399,110017
10-Oct-25,wtw-book-calendar,1,399,399,507101
10-Oct-25,wtw-book-calendar,1,399,399,393002
10-Oct-25,wtw-book-solo,1,399,399,411061
10-Oct-25,wtw-book-calendar,1,399,399,560037
10-Oct-25,wtw-book-solo,1,399,399,829107
10-Oct-25,wtw-book-solo,1,399,399,411057
10-Oct-25,wtw-book-solo,1,399,399,431203
10-Oct-25,wtw-book-solo,1,399,399,410206
10-Oct-25,wtw-book-solo,1,399,399,500026
10-Oct-25,wtw-book-solo,1,399,399,493663
10-Oct-25,wtw-book-solo,1,399,399,122002
10-Oct-25,wtw-book-calendar-duo,2,399,798,311001
10-Oct-25,wtw-book-solo,1,399,399,400092
10-Oct-25,wtw-book-solo,1,399,399,560039
10-Oct-25,wtw-book-calendar,1,399,399,132001
10-Oct-25,wtw-book-solo,1,399,399,560098
10-Oct-25,wtw-book-solo,1,399,399,751020
10-Oct-25,wtw-book-calendar,1,399,399,670692
10-Oct-25,wtw-book-calendar,1,399,399,560092
10-Oct-25,wtw-book-calendar,1,399,399,560098
10-Oct-25,wtw-book-calendar,1,399,399,560037
10-Oct-25,wtw-book-calendar-duo,2,399,798,600110
10-Oct-25,wtw-book-calendar-duo,2,399,798,421204
10-Oct-25,wtw-book-calendar,1,399,399,560070
10-Oct-25,wtw-book-solo,1,399,399,560065
10-Oct-25,wtw-book-solo,1,399,399,560017
10-Oct-25,wtw-book-solo,1,399,399,360060
10-Oct-25,wtw-book-calendar,1,399,399,251001
10-Oct-25,wtw-book-solo,1,399,399,500076
10-Oct-25,wtw-book-calendar,1,399,399,411052
10-Oct-25,wtw-book-solo,1,399,399,603104
10-Oct-25,wtw-book-calendar,1,399,399,560073
10-Oct-25,wtw-book-calendar,1,399,399,411021
10-Oct-25,wtw-book-solo,1,399,399,562125
10-Oct-25,wtw-book-solo,1,399,399,401303
10-Oct-25,wtw-book-calendar,1,399,399,600033
10-Oct-25,wtw-book-calendar,1,399,399,400605
10-Oct-25,wtw-book-solo,1,399,399,560036
10-Oct-25,wtw-book-solo,1,399,399,784001
10-Oct-25,wtw-book-solo,1,399,399,141012
10-Oct-25,wtw-book-solo,1,399,399,421301
10-Oct-25,wtw-book-solo,1,399,399,560043
10-Oct-25,wtw-book-solo,1,399,399,226028
10-Oct-25,wtw-book-calendar,1,399,399,421003
10-Oct-25,wtw-book-solo,1,399,399,122011
10-Oct-25,wtw-book-calendar,1,399,399,560035
10-Oct-25,wtw-book-solo,1,399,399,390003
10-Oct-25,wtw-book-solo,1,399,399,401303
10-Oct-25,wtw-book-calendar,1,399,399,110019
10-Oct-25,wtw-book-solo,1,399,399,570028
10-Oct-25,wtw-book-calendar,1,399,399,411036
10-Oct-25,wtw-book-solo,1,399,399,518501
10-Oct-25,wtw-book-calendar,1,399,399,360005
10-Oct-25,wtw-book-solo,1,399,399,500072
10-Oct-25,wtw-book-solo,1,399,399,682037
10-Oct-25,wtw-book-solo,1,399,399,263139
10-Oct-25,wtw-book-solo,1,399,399,335024
10-Oct-25,wtw-book-solo,1,399,399,342008
10-Oct-25,wtw-book-solo,1,399,399,400072
10-Oct-25,wtw-book-calendar,1,399,399,500052
10-Oct-25,wtw-book-solo,1,399,399,560012
10-Oct-25,wtw-book-solo,1,399,399,470661
10-Oct-25,wtw-book-calendar,1,399,399,560066
10-Oct-25,wtw-book-solo,1,399,399,560050
10-Oct-25,wtw-book-solo,1,399,399,751024
10-Oct-25,wtw-book-calendar-duo,2,399,798,600036
10-Oct-25,wtw-book-solo,1,399,399,732124
10-Oct-25,wtw-book-calendar,1,399,399,422101
10-Oct-25,wtw-book-solo,1,399,399,574239
10-Oct-25,wtw-book-calendar-duo,2,399,798,403504
10-Oct-25,wtw-book-solo,1,399,399,600091
10-Oct-25,wtw-book-solo,1,399,399,122018
11-Oct-25,wtw-book-solo,1,399,399,711102
11-Oct-25,wtw-book-solo,1,399,399,411033
11-Oct-25,wtw-book-solo,1,399,399,576101
11-Oct-25,wtw-book-calendar,1,399,399,700092
11-Oct-25,wtw-book-solo,1,399,399,560048
11-Oct-25,wtw-book-solo,1,399,399,781003
11-Oct-25,wtw-book-solo,1,399,399,682021
11-Oct-25,wtw-book-calendar-duo,2,399,798,134112
11-Oct-25,wtw-book-calendar,1,399,399,500073
11-Oct-25,wtw-book-solo,1,399,399,560094
11-Oct-25,wtw-book-calendar,1,399,399,452016
11-Oct-25,wtw-book-solo,1,399,399,110052
11-Oct-25,wtw-book-solo,1,399,399,700119
11-Oct-25,wtw-book-solo,1,399,399,560037
11-Oct-25,wtw-book-calendar,1,399,399,415001
11-Oct-25,wtw-book-calendar,1,399,399,600042
11-Oct-25,wtw-book-calendar-duo,2,399,798,400097
11-Oct-25,wtw-book-calendar,1,399,399,400016
11-Oct-25,wtw-book-calendar,1,399,399,442401
11-Oct-25,wtw-book-calendar,1,399,399,711313
11-Oct-25,wtw-book-calendar-duo,2,399,798,484661
11-Oct-25,wtw-book-solo,1,399,399,202001
11-Oct-25,wtw-book-solo,1,399,399,400069
11-Oct-25,wtw-book-solo,1,399,399,571440
11-Oct-25,wtw-book-solo,1,399,399,110034
11-Oct-25,wtw-book-calendar,1,399,399,248198
11-Oct-25,wtw-book-calendar,1,399,399,144008
11-Oct-25,wtw-book-solo,1,399,399,700029
11-Oct-25,wtw-book-solo,1,399,399,110033
11-Oct-25,wtw-book-solo,1,399,399,248001
11-Oct-25,wtw-book-calendar-duo,2,399,798,570009
11-Oct-25,wtw-book-calendar,1,399,399,400055
11-Oct-25,wtw-book-calendar-duo,2,399,798,560041
11-Oct-25,wtw-book-solo,1,399,399,444505
11-Oct-25,wtw-book-solo,1,399,399,201301
11-Oct-25,wtw-book-solo,1,399,399,560064
11-Oct-25,wtw-book-solo,1,399,399,500010
11-Oct-25,wtw-book-solo,1,399,399,411021
11-Oct-25,wtw-book-calendar,1,399,399,395009
11-Oct-25,wtw-book-solo,1,399,399,757001
11-Oct-25,wtw-book-solo,1,399,399,342001
11-Oct-25,wtw-book-calendar,1,399,399,575014
11-Oct-25,wtw-book-calendar,1,399,399,560043
11-Oct-25,wtw-book-calendar,1,399,399,125050
11-Oct-25,wtw-book-solo,1,399,399,400064
11-Oct-25,wtw-book-solo,1,399,399,410210
11-Oct-25,wtw-book-solo,1,399,399,180020
11-Oct-25,wtw-book-calendar,1,399,399,751021
11-Oct-25,wtw-book-solo,1,399,399,246149
11-Oct-25,wtw-book-solo,1,399,399,122003
11-Oct-25,wtw-book-solo,1,399,399,110042
11-Oct-25,wtw-book-calendar,1,399,399,122018
11-Oct-25,wtw-book-calendar,1,399,399,390019
11-Oct-25,wtw-book-solo,1,399,399,560037
11-Oct-25,wtw-book-solo,1,399,399,180005
11-Oct-25,wtw-book-solo,1,399,399,560058
11-Oct-25,wtw-book-solo,1,399,399,110096
11-Oct-25,wtw-book-calendar,1,399,399,382426
11-Oct-25,wtw-book-solo,1,399,399,400078
11-Oct-25,wtw-book-calendar,1,399,399,110005
11-Oct-25,wtw-book-calendar,1,399,399,800013
11-Oct-25,wtw-book-solo,1,399,399,421201
11-Oct-25,wtw-book-solo,1,399,399,400095
11-Oct-25,wtw-book-solo,1,399,399,560098
11-Oct-25,wtw-book-solo,1,399,399,500084
11-Oct-25,wtw-book-solo,1,399,399,431512
11-Oct-25,wtw-book-calendar,1,399,399,759100
11-Oct-25,wtw-book-calendar,1,399,399,411014
11-Oct-25,wtw-book-calendar,1,399,399,600044
11-Oct-25,wtw-book-solo,1,399,399,600091
11-Oct-25,wtw-book-calendar,1,399,399,560103
11-Oct-25,wtw-book-solo,1,399,399,423601
11-Oct-25,wtw-book-calendar,1,399,399,530009
11-Oct-25,wtw-book-solo,1,399,399,400053
11-Oct-25,wtw-book-calendar-duo,6,399,2394,400016
11-Oct-25,wtw-book-calendar,1,399,399,560070
11-Oct-25,wtw-book-solo,1,399,399,700020
11-Oct-25,wtw-book-solo,1,399,399,713101
11-Oct-25,wtw-book-solo,1,399,399,122001
11-Oct-25,wtw-book-calendar,1,399,399,122009
11-Oct-25,wtw-book-solo,1,399,399,515761
11-Oct-25,wtw-book-solo,1,399,399,560075
11-Oct-25,wtw-book-solo,1,399,399,560075
11-Oct-25,wtw-book-solo,4,399,1596,400610
11-Oct-25,wtw-book-calendar,1,399,399,143001
11-Oct-25,wtw-book-calendar,1,399,399,530044
11-Oct-25,wtw-book-solo,1,399,399,600110
11-Oct-25,wtw-book-calendar,1,399,399,500075
11-Oct-25,wtw-book-calendar,1,399,399,226006
11-Oct-25,wtw-book-solo,1,399,399,841311
11-Oct-25,wtw-book-solo,1,399,399,452009
11-Oct-25,wtw-book-solo,1,399,399,560067
11-Oct-25,wtw-book-calendar,1,399,399,500074
11-Oct-25,wtw-book-solo,1,399,399,600064
11-Oct-25,wtw-book-solo,1,399,399,370205
11-Oct-25,wtw-book-solo,1,399,399,400025
11-Oct-25,wtw-book-solo,1,399,399,152002
11-Oct-25,wtw-book-solo,1,399,399,411041
11-Oct-25,wtw-book-solo,1,399,399,380015
11-Oct-25,wtw-book-solo,1,399,399,560073
11-Oct-25,wtw-book-solo,1,399,399,250002
11-Oct-25,wtw-book-calendar,1,399,399,400076
11-Oct-25,wtw-book-solo,1,399,399,577101
11-Oct-25,wtw-book-calendar,1,399,399,134112
11-Oct-25,wtw-book-solo,1,399,399,831002
11-Oct-25,wtw-book-solo,1,399,399,560040
11-Oct-25,wtw-book-solo,1,399,399,560048
11-Oct-25,wtw-book-solo,1,399,399,560085
11-Oct-25,wtw-book-solo,1,399,399,302026
11-Oct-25,wtw-book-calendar-duo,2,399,798,560078
11-Oct-25,wtw-book-solo,1,399,399,421308
11-Oct-25,wtw-book-calendar,1,399,399,686041
11-Oct-25,wtw-book-solo,1,399,399,440018
11-Oct-25,wtw-book-solo,1,399,399,700038
11-Oct-25,wtw-book-solo,1,399,399,110059
11-Oct-25,wtw-book-solo,1,399,399,500012
11-Oct-25,wtw-book-calendar,1,399,399,202001
11-Oct-25,wtw-book-calendar,1,399,399,560048
11-Oct-25,wtw-book-solo,1,399,399,110058
11-Oct-25,wtw-book-solo,1,399,399,201002
11-Oct-25,wtw-book-solo,1,399,399,122011
11-Oct-25,wtw-book-calendar,1,399,399,160015
11-Oct-25,wtw-book-solo,1,399,399,782105
11-Oct-25,wtw-book-solo,1,399,399,815301
11-Oct-25,wtw-book-calendar,1,399,399,495001
11-Oct-25,wtw-book-calendar,1,399,399,492001
11-Oct-25,wtw-book-solo,1,399,399,201201
11-Oct-25,wtw-book-calendar,1,399,399,263139
11-Oct-25,wtw-book-solo,1,399,399,411043
11-Oct-25,wtw-book-solo,1,399,399,560075
11-Oct-25,wtw-book-solo,1,399,399,110043
11-Oct-25,wtw-book-solo,1,399,399,722152
11-Oct-25,wtw-book-calendar,1,399,399,751023
11-Oct-25,wtw-book-solo,1,399,399,332411
11-Oct-25,wtw-book-solo,1,399,399,682019
11-Oct-25,wtw-book-calendar-duo,2,399,798,764020
11-Oct-25,wtw-book-solo,1,399,399,518002
11-Oct-25,wtw-book-calendar,1,399,399,834010
11-Oct-25,wtw-book-solo,1,399,399,560068
11-Oct-25,wtw-book-calendar-duo,2,399,798,110092
11-Oct-25,wtw-book-solo,1,399,399,208019
11-Oct-25,wtw-book-solo,1,399,399,380058
11-Oct-25,wtw-book-solo,1,399,399,560037
11-Oct-25,wtw-book-solo,1,399,399,201310
11-Oct-25,wtw-book-solo,1,399,399,476337
11-Oct-25,wtw-book-solo,1,399,399,400001
11-Oct-25,wtw-book-solo,1,399,399,500048
11-Oct-25,wtw-book-solo,1,399,399,400604
11-Oct-25,wtw-book-solo,1,399,399,521137
11-Oct-25,wtw-book-calendar,1,399,399,181134
11-Oct-25,wtw-book-calendar,1,399,399,500048
11-Oct-25,wtw-book-solo,1,399,399,574241
11-Oct-25,wtw-book-solo,1,399,399,380058
11-Oct-25,wtw-book-solo,1,399,399,425301
11-Oct-25,wtw-book-calendar,1,399,399,560102
11-Oct-25,wtw-book-solo,1,399,399,641025
11-Oct-25,wtw-book-solo,1,399,399,441614
11-Oct-25,wtw-book-solo,1,399,399,443101
11-Oct-25,wtw-book-solo,1,399,399,208020
11-Oct-25,wtw-book-solo,1,399,399,686008
11-Oct-25,wtw-book-calendar,1,399,399,201304
11-Oct-25,wtw-book-solo,1,399,399,560097
11-Oct-25,wtw-book-solo,3,399,1197,411038
11-Oct-25,wtw-book-solo,1,399,399,641006
11-Oct-25,wtw-book-solo,1,399,399,422003
11-Oct-25,wtw-book-solo,1,399,399,301405
11-Oct-25,wtw-book-solo,1,399,399,110010
11-Oct-25,wtw-book-solo,1,399,399,122002
11-Oct-25,wtw-book-solo,1,399,399,800005
11-Oct-25,wtw-book-calendar,1,399,399,400059
11-Oct-25,wtw-book-calendar-duo,2,399,798,560100
11-Oct-25,wtw-book-solo,1,399,399,400002
11-Oct-25,wtw-book-calendar-duo,2,399,798,302004
11-Oct-25,wtw-book-solo,1,399,399,422011
11-Oct-25,wtw-book-solo,1,399,399,411045
11-Oct-25,wtw-book-calendar,1,399,399,767001
11-Oct-25,wtw-book-solo,1,399,399,636308
11-Oct-25,wtw-book-solo,1,399,399,452010
11-Oct-25,wtw-book-solo,1,399,399,560043
11-Oct-25,wtw-book-solo,1,399,399,600091
11-Oct-25,wtw-book-solo,1,399,399,125001
11-Oct-25,wtw-book-calendar,1,399,399,560078
11-Oct-25,wtw-book-solo,1,399,399,560100
11-Oct-25,wtw-book-calendar,1,399,399,400104
11-Oct-25,wtw-book-solo,1,399,399,390019
11-Oct-25,wtw-book-solo,1,399,399,276001
11-Oct-25,wtw-book-solo,1,399,399,400104
11-Oct-25,wtw-book-calendar,1,399,399,400022
11-Oct-25,wtw-book-solo,1,399,399,211003
11-Oct-25,wtw-book-solo,1,399,399,440001
11-Oct-25,wtw-book-calendar,1,399,399,560008
11-Oct-25,wtw-book-solo,1,399,399,515402
11-Oct-25,wtw-book-solo,1,399,399,400702
11-Oct-25,wtw-book-solo,1,399,399,560103
11-Oct-25,wtw-book-solo,1,399,399,396191
11-Oct-25,wtw-book-solo,1,399,399,583227
11-Oct-25,wtw-book-solo,1,399,399,700061
11-Oct-25,wtw-book-solo,1,399,399,382016
11-Oct-25,wtw-book-solo,1,399,399,632014
11-Oct-25,wtw-book-solo,1,399,399,600100
11-Oct-25,wtw-book-solo,1,399,399,413608
11-Oct-25,wtw-book-calendar,1,399,399,302033
11-Oct-25,wtw-book-solo,1,399,399,440022
11-Oct-25,wtw-book-calendar,1,399,399,201304
11-Oct-25,wtw-book-calendar,1,399,399,769008
11-Oct-25,wtw-book-calendar,1,399,399,110030
11-Oct-25,wtw-book-calendar,1,399,399,560043
11-Oct-25,wtw-book-calendar,1,399,399,400077
11-Oct-25,wtw-book-solo,1,399,399,382443
11-Oct-25,wtw-book-solo,1,399,399,380051
11-Oct-25,wtw-book-solo,1,399,399,686692
11-Oct-25,wtw-book-solo,1,399,399,721101
11-Oct-25,wtw-book-solo,1,399,399,400075
11-Oct-25,wtw-book-solo,1,399,399,143521
12-Oct-25,wtw-book-calendar,1,399,399,560066
12-Oct-25,wtw-book-calendar,1,399,399,122101
12-Oct-25,wtw-book-calendar,1,399,399,700105
12-Oct-25,wtw-book-solo,1,399,399,110062
12-Oct-25,wtw-book-solo,1,399,399,110047
12-Oct-25,wtw-book-calendar,1,399,399,416002
12-Oct-25,wtw-book-solo,1,399,399,208009
12-Oct-25,wtw-book-solo,1,399,399,575003
12-Oct-25,wtw-book-calendar,1,399,399,785630
12-Oct-25,wtw-book-solo,1,399,399,411070
12-Oct-25,wtw-book-solo,1,399,399,400093
12-Oct-25,wtw-book-solo,1,399,399,560062
12-Oct-25,wtw-book-solo,1,399,399,560047
12-Oct-25,wtw-book-solo,1,399,399,411016
12-Oct-25,wtw-book-calendar,1,399,399,492010
12-Oct-25,wtw-book-solo,1,399,399,411038
12-Oct-25,wtw-book-calendar-duo,2,399,798,132103
12-Oct-25,wtw-book-solo,1,399,399,201316
12-Oct-25,wtw-book-calendar,1,399,399,110085
12-Oct-25,wtw-book-calendar,1,399,399,574103
12-Oct-25,wtw-book-calendar,1,399,399,211019
12-Oct-25,wtw-book-solo,1,399,399,560068
12-Oct-25,wtw-book-solo,2,399,798,249401
12-Oct-25,wtw-book-solo,1,399,399,494001
12-Oct-25,wtw-book-calendar,1,399,399,560029
12-Oct-25,wtw-book-solo,1,399,399,122022
12-Oct-25,wtw-book-solo,1,399,399,500085
12-Oct-25,wtw-book-solo,1,399,399,560100
12-Oct-25,wtw-book-calendar,1,399,399,431605
12-Oct-25,wtw-book-solo,1,399,399,575011
12-Oct-25,wtw-book-solo,1,399,399,411033
12-Oct-25,wtw-book-calendar,1,399,399,500083
12-Oct-25,wtw-book-calendar,1,399,399,411001
12-Oct-25,wtw-book-calendar,1,399,399,388001
12-Oct-25,wtw-book-solo,1,399,399,400702
12-Oct-25,wtw-book-solo,1,399,399,751024
12-Oct-25,wtw-book-calendar,1,399,399,249402
12-Oct-25,wtw-book-solo,1,399,399,802119
12-Oct-25,wtw-book-calendar,1,399,399,834008
12-Oct-25,wtw-book-solo,1,399,399,466446
12-Oct-25,wtw-book-solo,1,399,399,560066
12-Oct-25,wtw-book-solo,1,399,399,560071
12-Oct-25,wtw-book-solo,1,399,399,759143
12-Oct-25,wtw-book-calendar,1,399,399,586205
12-Oct-25,wtw-book-solo,1,399,399,570011
12-Oct-25,wtw-book-solo,1,399,399,560087
12-Oct-25,wtw-book-solo,1,399,399,401208
12-Oct-25,wtw-book-calendar,1,399,399,400091
12-Oct-25,wtw-book-solo,1,399,399,110010
12-Oct-25,wtw-book-solo,1,399,399,600011
12-Oct-25,wtw-book-solo,1,399,399,411028
12-Oct-25,wtw-book-solo,1,399,399,411040
12-Oct-25,wtw-book-solo,1,399,399,201014
12-Oct-25,wtw-book-calendar,1,399,399,411033
12-Oct-25,wtw-book-solo,1,399,399,302015
12-Oct-25,wtw-book-solo,1,399,399,641604
12-Oct-25,wtw-book-solo,1,399,399,400080
12-Oct-25,wtw-book-solo,1,399,399,769012
12-Oct-25,wtw-book-solo,1,399,399,751024
12-Oct-25,wtw-book-calendar,1,399,399,743427
12-Oct-25,wtw-book-calendar,1,399,399,600091
12-Oct-25,wtw-book-solo,3,399,1197,400054
12-Oct-25,wtw-book-calendar,1,399,399,560103
12-Oct-25,wtw-book-calendar,1,399,399,560066
12-Oct-25,wtw-book-calendar,1,399,399,500089
12-Oct-25,wtw-book-calendar,1,399,399,411038
12-Oct-25,wtw-book-calendar,1,399,399,208007
12-Oct-25,wtw-book-solo,1,399,399,382421
12-Oct-25,wtw-book-calendar,1,399,399,410218
12-Oct-25,wtw-book-solo,1,399,399,573201
12-Oct-25,wtw-book-solo,1,399,399,364004
12-Oct-25,wtw-book-solo,1,399,399,131001
12-Oct-25,wtw-book-solo,1,399,399,400008
12-Oct-25,wtw-book-solo,1,399,399,421306
12-Oct-25,wtw-book-solo,1,399,399,500104
12-Oct-25,wtw-book-solo,1,399,399,673006
12-Oct-25,wtw-book-solo,1,399,399,493558
12-Oct-25,wtw-book-solo,1,399,399,783380
12-Oct-25,wtw-book-calendar,1,399,399,201012
12-Oct-25,wtw-book-solo,1,399,399,560100
12-Oct-25,wtw-book-solo,1,399,399,783393
12-Oct-25,wtw-book-solo,1,399,399,560103
12-Oct-25,wtw-book-solo,1,399,399,413008
12-Oct-25,wtw-book-solo,1,399,399,560099
12-Oct-25,wtw-book-solo,1,399,399,721131
12-Oct-25,wtw-book-solo,1,399,399,600072
12-Oct-25,wtw-book-calendar,1,399,399,560054
12-Oct-25,wtw-book-calendar,1,399,399,400093
12-Oct-25,wtw-book-calendar,1,399,399,110059
12-Oct-25,wtw-book-solo,1,399,399,560029
12-Oct-25,wtw-book-calendar,1,399,399,641034
12-Oct-25,wtw-book-solo,1,399,399,560105
12-Oct-25,wtw-book-solo,1,399,399,395005
12-Oct-25,wtw-book-calendar,1,399,399,411030
13-Oct-25,wtw-book-calendar,1,399,399,396191
13-Oct-25,wtw-book-calendar,1,399,399,110070
13-Oct-25,wtw-book-calendar,1,399,399,110087
13-Oct-25,wtw-book-calendar,1,399,399,431605
13-Oct-25,wtw-book-calendar,1,399,399,743122
13-Oct-25,wtw-book-calendar,1,399,399,440034
13-Oct-25,wtw-book-calendar,1,399,399,500083
13-Oct-25,wtw-book-solo,1,399,399,380006
13-Oct-25,wtw-book-solo,1,399,399,560083
13-Oct-25,wtw-book-solo,1,399,399,411030
13-Oct-25,wtw-book-solo,1,399,399,140603
13-Oct-25,wtw-book-solo,1,399,399,576104
13-Oct-25,wtw-book-calendar,1,399,399,421203
13-Oct-25,wtw-book-solo,1,399,399,500043
13-Oct-25,wtw-book-solo,1,399,399,400614
13-Oct-25,wtw-book-calendar,1,399,399,500049
13-Oct-25,wtw-book-calendar-duo,2,399,798,302012
13-Oct-25,wtw-book-solo,1,399,399,110026
13-Oct-25,wtw-book-solo,1,399,399,560068
13-Oct-25,wtw-book-calendar,1,399,399,560032
13-Oct-25,wtw-book-solo,1,399,399,110070
13-Oct-25,wtw-book-solo,1,399,399,302015
13-Oct-25,wtw-book-solo,1,399,399,686573
13-Oct-25,wtw-book-calendar,1,399,399,411038
13-Oct-25,wtw-book-calendar,1,399,399,224001
13-Oct-25,wtw-book-calendar,1,399,399,767025
13-Oct-25,wtw-book-solo,1,399,399,125047
13-Oct-25,wtw-book-solo,1,399,399,560114
13-Oct-25,wtw-book-solo,1,399,399,335001
13-Oct-25,wtw-book-solo,1,399,399,462041
13-Oct-25,wtw-book-calendar,1,399,399,201301
13-Oct-25,wtw-book-calendar,1,399,399,226017
13-Oct-25,wtw-book-solo,1,399,399,531163
13-Oct-25,wtw-book-solo,1,399,399,412207
13-Oct-25,wtw-book-solo,1,399,399,500079
13-Oct-25,wtw-book-calendar,1,399,399,560015
13-Oct-25,wtw-book-solo,1,399,399,144001
13-Oct-25,wtw-book-calendar,1,399,399,302015
13-Oct-25,wtw-book-solo,1,399,399,411037
13-Oct-25,wtw-book-solo,1,399,399,110018
13-Oct-25,wtw-book-solo,1,399,399,560035
13-Oct-25,wtw-book-solo,1,399,399,607001
13-Oct-25,wtw-book-solo,1,399,399,226022
13-Oct-25,wtw-book-calendar,1,399,399,122001
13-Oct-25,wtw-book-solo,1,399,399,500091
13-Oct-25,wtw-book-solo,1,399,399,411019
13-Oct-25,wtw-book-calendar,1,399,399,122003
13-Oct-25,wtw-book-solo,1,399,399,560098
13-Oct-25,wtw-book-solo,1,399,399,560067
13-Oct-25,wtw-book-solo,1,399,399,500035
13-Oct-25,wtw-book-calendar,1,399,399,444303
13-Oct-25,wtw-book-solo,1,399,399,411017
13-Oct-25,wtw-book-solo,1,399,399,203390
13-Oct-25,wtw-book-calendar,1,399,399,560065
13-Oct-25,wtw-book-solo,1,399,399,400063
13-Oct-25,wtw-book-solo,1,399,399,201303
13-Oct-25,wtw-book-calendar,1,399,399,411038
13-Oct-25,wtw-book-solo,1,399,399,400058
13-Oct-25,wtw-book-calendar,1,399,399,577201
13-Oct-25,wtw-book-solo,2,399,798,500036
13-Oct-25,wtw-book-solo,1,399,399,575014
13-Oct-25,wtw-book-calendar,1,399,399,248001
13-Oct-25,wtw-book-solo,1,399,399,500046
13-Oct-25,wtw-book-solo,1,399,399,812005
13-Oct-25,wtw-book-calendar,1,399,399,400602
13-Oct-25,wtw-book-calendar,1,399,399,401504
13-Oct-25,wtw-book-calendar,1,399,399,560066
13-Oct-25,wtw-book-solo,1,399,399,560072
13-Oct-25,wtw-book-solo,1,399,399,560059
13-Oct-25,wtw-book-solo,1,399,399,380013
13-Oct-25,wtw-book-solo,1,399,399,492001
13-Oct-25,wtw-book-calendar,1,399,399,500058
13-Oct-25,wtw-book-calendar,1,399,399,122018
13-Oct-25,wtw-book-solo,1,399,399,110034
13-Oct-25,wtw-book-solo,1,399,399,175023
13-Oct-25,wtw-book-calendar,1,399,399,412308
13-Oct-25,wtw-book-solo,1,399,399,121001
13-Oct-25,wtw-book-solo,1,399,399,411057
13-Oct-25,wtw-book-solo,1,399,399,682039
13-Oct-25,wtw-book-calendar,1,399,399,380007
13-Oct-25,wtw-book-solo,1,399,399,682037
13-Oct-25,wtw-book-calendar,1,399,399,110075
13-Oct-25,wtw-book-solo,1,399,399,248140
13-Oct-25,wtw-book-solo,1,399,399,600010
13-Oct-25,wtw-book-solo,1,399,399,585104
13-Oct-25,wtw-book-solo,1,399,399,400068
13-Oct-25,wtw-book-solo,1,399,399,500075
13-Oct-25,wtw-book-calendar-duo,2,399,798,400028
13-Oct-25,wtw-book-solo,1,399,399,734102
13-Oct-25,wtw-book-solo,1,399,399,226002
13-Oct-25,wtw-book-solo,1,399,399,400601
13-Oct-25,wtw-book-calendar,1,399,399,600045
13-Oct-25,wtw-book-solo,1,399,399,452016
13-Oct-25,wtw-book-calendar,1,399,399,700005
13-Oct-25,wtw-book-calendar-duo,2,399,798,400011
13-Oct-25,wtw-book-solo,1,399,399,576101
13-Oct-25,wtw-book-solo,1,399,399,400610
13-Oct-25,wtw-book-calendar-duo,2,399,798,500048
13-Oct-25,wtw-book-calendar,1,399,399,786602
13-Oct-25,wtw-book-calendar,1,399,399,400615
13-Oct-25,wtw-book-solo,1,399,399,462016
13-Oct-25,wtw-book-solo,1,399,399,201014
14-Oct-25,wtw-book-calendar,1,399,399,110045
14-Oct-25,wtw-book-calendar,1,399,399,141004
14-Oct-25,wtw-book-solo,1,399,399,342008
14-Oct-25,wtw-book-solo,1,399,399,160022
14-Oct-25,wtw-book-calendar,1,399,399,700058
14-Oct-25,wtw-book-solo,1,399,399,208007
14-Oct-25,wtw-book-solo,1,399,399,835215
14-Oct-25,wtw-book-solo,1,399,399,400069
14-Oct-25,wtw-book-solo,1,399,399,575013
14-Oct-25,wtw-book-solo,1,399,399,642001
14-Oct-25,wtw-book-solo,1,399,399,516115
14-Oct-25,wtw-book-solo,1,399,399,360002
14-Oct-25,wtw-book-solo,1,399,399,733128
14-Oct-25,wtw-book-calendar-duo,4,399,1596,302029
14-Oct-25,wtw-book-calendar,1,399,399,402201
14-Oct-25,wtw-book-solo,1,399,399,192303
14-Oct-25,wtw-book-calendar,1,399,399,678592
14-Oct-25,wtw-book-calendar,1,399,399,560066
14-Oct-25,wtw-book-solo,1,399,399,122002
14-Oct-25,wtw-book-solo,1,399,399,491441
14-Oct-25,wtw-book-calendar,1,399,399,452001
14-Oct-25,wtw-book-solo,1,399,399,413002
14-Oct-25,wtw-book-solo,1,399,399,396001
14-Oct-25,wtw-book-solo,1,399,399,422011
14-Oct-25,wtw-book-solo,1,399,399,395009
14-Oct-25,wtw-book-solo,1,399,399,302012
14-Oct-25,wtw-book-solo,1,399,399,577203
14-Oct-25,wtw-book-calendar-duo,2,399,798,250103
14-Oct-25,wtw-book-calendar,1,399,399,403707
14-Oct-25,wtw-book-solo,1,399,399,396191
14-Oct-25,wtw-book-solo,1,399,399,560003
14-Oct-25,wtw-book-solo,1,399,399,641669
14-Oct-25,wtw-book-calendar-duo,2,399,798,689103
14-Oct-25,wtw-book-solo,1,399,399,686666
14-Oct-25,wtw-book-solo,1,399,399,208027
14-Oct-25,wtw-book-calendar,1,399,399,700046
14-Oct-25,wtw-book-solo,1,399,399,151001
14-Oct-25,wtw-book-solo,1,399,399,626001
14-Oct-25,wtw-book-calendar,1,399,399,682024
14-Oct-25,wtw-book-solo,1,399,399,560066
14-Oct-25,wtw-book-solo,1,399,399,249201
14-Oct-25,wtw-book-calendar,1,399,399,363001
14-Oct-25,wtw-book-solo,1,399,399,500089
14-Oct-25,wtw-book-solo,1,399,399,400060
14-Oct-25,wtw-book-solo,1,399,399,411038
14-Oct-25,wtw-book-solo,1,399,399,751019
14-Oct-25,wtw-book-solo,1,399,399,793022
14-Oct-25,wtw-book-calendar,1,399,399,456010
14-Oct-25,wtw-book-solo,1,399,399,302017
14-Oct-25,wtw-book-calendar,1,399,399,690521
14-Oct-25,wtw-book-solo,1,399,399,411060
14-Oct-25,wtw-book-solo,1,399,399,400013
14-Oct-25,wtw-book-calendar,1,399,399,122001
14-Oct-25,wtw-book-solo,1,399,399,560016
14-Oct-25,wtw-book-solo,1,399,399,110018
14-Oct-25,wtw-book-solo,1,399,399,244001
14-Oct-25,wtw-book-calendar,1,399,399,441601
14-Oct-25,wtw-book-solo,1,399,399,561208
14-Oct-25,wtw-book-calendar-duo,2,399,798,560100
14-Oct-25,wtw-book-solo,1,399,399,411032
14-Oct-25,wtw-book-solo,1,399,399,226003
14-Oct-25,wtw-book-solo,1,399,399,560002
14-Oct-25,wtw-book-calendar,1,399,399,500089
14-Oct-25,wtw-book-calendar,1,399,399,700055
14-Oct-25,wtw-book-solo,1,399,399,380058
14-Oct-25,wtw-book-solo,1,399,399,670602
14-Oct-25,wtw-book-calendar,1,399,399,360005
14-Oct-25,wtw-book-solo,1,399,399,122002
14-Oct-25,wtw-book-calendar,1,399,399,491001
14-Oct-25,wtw-book-solo,1,399,399,560076
14-Oct-25,wtw-book-calendar,1,399,399,400093
14-Oct-25,wtw-book-solo,1,399,399,627416
14-Oct-25,wtw-book-solo,1,399,399,769012
14-Oct-25,wtw-book-solo,1,399,399,145001
14-Oct-25,wtw-book-solo,1,399,399,431001
14-Oct-25,wtw-book-solo,1,399,399,412207
14-Oct-25,wtw-book-solo,1,399,399,500010
14-Oct-25,wtw-book-solo,1,399,399,400068
14-Oct-25,wtw-book-solo,1,399,399,560103
14-Oct-25,wtw-book-solo,1,399,399,122003
14-Oct-25,wtw-book-solo,1,399,399,560035
14-Oct-25,wtw-book-calendar,1,399,399,177005
14-Oct-25,wtw-book-calendar,1,399,399,600004
14-Oct-25,wtw-book-solo,1,399,399,360005
14-Oct-25,wtw-book-calendar,1,399,399,382007
14-Oct-25,wtw-book-solo,1,399,399,122009
14-Oct-25,wtw-book-solo,1,399,399,560004
14-Oct-25,wtw-book-calendar,1,399,399,248018
14-Oct-25,wtw-book-calendar,1,399,399,201301
14-Oct-25,wtw-book-calendar,1,399,399,400607
14-Oct-25,wtw-book-solo,1,399,399,575008
14-Oct-25,wtw-book-solo,1,399,399,133005
14-Oct-25,wtw-book-solo,1,399,399,530046
14-Oct-25,wtw-book-solo,1,399,399,201002
14-Oct-25,wtw-book-calendar,1,399,399,400077
14-Oct-25,wtw-book-calendar,1,399,399,560035
14-Oct-25,wtw-book-solo,1,399,399,500079
14-Oct-25,wtw-book-calendar-duo,2,399,798,249401
15-Oct-25,wtw-book-solo,1,399,399,503001
15-Oct-25,wtw-book-calendar,1,399,399,110055
15-Oct-25,wtw-book-solo,1,399,399,560004
15-Oct-25,wtw-book-solo,1,399,399,201010
15-Oct-25,wtw-book-calendar,1,399,399,622004
15-Oct-25,wtw-book-calendar,1,399,399,390015
15-Oct-25,wtw-book-solo,1,399,399,700054
15-Oct-25,wtw-book-solo,1,399,399,110092
15-Oct-25,wtw-book-calendar,1,399,399,400089
15-Oct-25,wtw-book-calendar,1,399,399,445203
15-Oct-25,wtw-book-solo,1,399,399,411048
15-Oct-25,wtw-book-solo,1,399,399,751024
15-Oct-25,wtw-book-solo,1,399,399,482003
15-Oct-25,wtw-book-calendar,1,399,399,643001
15-Oct-25,wtw-book-solo,1,399,399,110049
15-Oct-25,wtw-book-solo,1,399,399,785670
15-Oct-25,wtw-book-solo,1,399,399,444607
15-Oct-25,wtw-book-calendar,1,399,399,500032
15-Oct-25,wtw-book-solo,1,399,399,110092
15-Oct-25,wtw-book-calendar,1,399,399,110015
15-Oct-25,wtw-book-solo,1,399,399,560100
15-Oct-25,wtw-book-solo,1,399,399,769008
15-Oct-25,wtw-book-calendar,1,399,399,331803
15-Oct-25,wtw-book-solo,1,399,399,305801
15-Oct-25,wtw-book-solo,1,399,399,500008
15-Oct-25,wtw-book-solo,1,399,399,700039
15-Oct-25,wtw-book-solo,1,399,399,140301
15-Oct-25,wtw-book-calendar,1,399,399,680711
15-Oct-25,wtw-book-calendar,1,399,399,686018
15-Oct-25,wtw-book-calendar,1,399,399,639001
15-Oct-25,wtw-book-calendar,1,399,399,123401
15-Oct-25,wtw-book-calendar,1,399,399,411016
15-Oct-25,wtw-book-solo,1,399,399,602024
15-Oct-25,wtw-book-solo,1,399,399,767001
15-Oct-25,wtw-book-solo,1,399,399,602024
15-Oct-25,wtw-book-solo,1,399,399,302021
15-Oct-25,wtw-book-solo,1,399,399,147201
15-Oct-25,wtw-book-solo,1,399,399,560114
15-Oct-25,wtw-book-solo,1,399,399,495001
15-Oct-25,wtw-book-solo,1,399,399,110016
15-Oct-25,wtw-book-solo,1,399,399,492008
15-Oct-25,wtw-book-solo,1,399,399,302026
15-Oct-25,wtw-book-solo,1,399,399,560050
15-Oct-25,wtw-book-solo,1,399,399,311001
15-Oct-25,wtw-book-solo,1,399,399,535002
15-Oct-25,wtw-book-solo,1,399,399,388001
15-Oct-25,wtw-book-calendar,1,399,399,132001
15-Oct-25,wtw-book-calendar,1,399,399,560100
15-Oct-25,wtw-book-solo,1,399,399,560100
15-Oct-25,wtw-book-calendar,1,399,399,833102
15-Oct-25,wtw-book-solo,1,399,399,400065
15-Oct-25,wtw-book-solo,1,399,399,600078
15-Oct-25,wtw-book-solo,1,399,399,110093
15-Oct-25,wtw-book-solo,1,399,399,560100
15-Oct-25,wtw-book-solo,1,399,399,474004
15-Oct-25,wtw-book-solo,1,399,399,508207
15-Oct-25,wtw-book-solo,1,399,399,326502
15-Oct-25,wtw-book-solo,1,399,399,390002
15-Oct-25,wtw-book-solo,1,399,399,482020
15-Oct-25,wtw-book-solo,1,399,399,560026
15-Oct-25,wtw-book-calendar,1,399,399,560050
15-Oct-25,wtw-book-calendar,1,399,399,110022
15-Oct-25,wtw-book-solo,1,399,399,411048
15-Oct-25,wtw-book-solo,1,399,399,147001
15-Oct-25,wtw-book-calendar,1,399,399,560109
15-Oct-25,wtw-book-calendar,1,399,399,600126
15-Oct-25,wtw-book-calendar-duo,2,399,798,431005
15-Oct-25,wtw-book-solo,1,399,399,421201
15-Oct-25,wtw-book-solo,1,399,399,560087
15-Oct-25,wtw-book-solo,1,399,399,411033
16-Oct-25,wtw-book-solo,1,399,399,768216
16-Oct-25,wtw-book-solo,1,399,399,226016
16-Oct-25,wtw-book-solo,1,399,399,560010
16-Oct-25,wtw-book-solo,1,399,399,500053
16-Oct-25,wtw-book-solo,1,399,399,500046
16-Oct-25,wtw-book-solo,1,399,399,560102
16-Oct-25,wtw-book-solo,1,399,399,574210
16-Oct-25,wtw-book-calendar,1,399,399,781011
16-Oct-25,wtw-book-solo,1,399,399,389151
16-Oct-25,wtw-book-solo,1,399,399,302018
16-Oct-25,wtw-book-solo,2,399,798,400072
16-Oct-25,wtw-book-solo,1,399,399,401107
16-Oct-25,wtw-book-solo,1,399,399,629001
16-Oct-25,wtw-book-solo,1,399,399,462026
17-Oct-25,wtw-book-solo,1,399,399,700032
17-Oct-25,wtw-book-solo,1,399,399,380060
17-Oct-25,wtw-book-solo,1,399,399,140507
17-Oct-25,wtw-book-calendar-duo,2,399,798,492010
17-Oct-25,wtw-book-calendar-duo,2,399,798,110017
17-Oct-25,wtw-book-solo,1,399,399,560043
17-Oct-25,wtw-book-calendar,1,399,399,721301
17-Oct-25,wtw-book-solo,1,399,399,342001
17-Oct-25,wtw-book-solo,1,399,399,400610
17-Oct-25,wtw-book-calendar-duo,2,399,798,160055
17-Oct-25,wtw-book-calendar,1,399,399,590016
17-Oct-25,wtw-book-solo,1,399,399,682024
17-Oct-25,wtw-book-calendar-duo,2,399,798,560097
17-Oct-25,wtw-book-calendar,1,399,399,122001
17-Oct-25,wtw-book-solo,1,399,399,500085
17-Oct-25,wtw-book-solo,1,399,399,563131
17-Oct-25,wtw-book-calendar,1,399,399,400072
17-Oct-25,wtw-book-solo,1,399,399,110037
17-Oct-25,wtw-book-solo,1,399,399,422011
18-Oct-25,wtw-book-calendar,1,399,399,122010
18-Oct-25,wtw-book-solo,1,399,399,140603
18-Oct-25,wtw-book-solo,1,399,399,400705
18-Oct-25,wtw-book-calendar,1,399,399,506370
18-Oct-25,wtw-book-solo,1,399,399,700065
18-Oct-25,wtw-book-solo,1,399,399,605602
18-Oct-25,wtw-book-solo,1,399,399,560034
18-Oct-25,wtw-book-calendar,1,399,399,563103
18-Oct-25,wtw-book-solo,1,399,399,500062
19-Oct-25,wtw-book-calendar,1,399,399,500096
19-Oct-25,wtw-book-calendar,1,399,399,574211
19-Oct-25,wtw-book-solo,1,399,399,560071
19-Oct-25,wtw-book-solo,1,399,399,400010
19-Oct-25,wtw-book-solo,1,399,399,440019
19-Oct-25,wtw-book-solo,1,399,399,743165
20-Oct-25,wtw-book-solo,1,399,399,741235
20-Oct-25,wtw-book-calendar,1,399,399,695573
20-Oct-25,wtw-book-solo,1,399,399,462001
20-Oct-25,wtw-book-solo,1,399,399,560090
20-Oct-25,wtw-book-solo,1,399,399,781012
21-Oct-25,wtw-book-solo,1,399,399,400064
21-Oct-25,wtw-book-calendar,1,399,399,560098
21-Oct-25,wtw-book-calendar,1,399,399,638701
21-Oct-25,wtw-book-calendar-duo,2,399,798,226029
21-Oct-25,wtw-book-calendar,1,399,399,231001
21-Oct-25,wtw-book-solo,1,399,399,600033
21-Oct-25,wtw-book-calendar,1,399,399,751024
22-Oct-25,wtw-book-calendar-duo,2,399,798,500049
22-Oct-25,wtw-book-calendar,1,399,399,600043
22-Oct-25,wtw-book-solo,1,399,399,410209
22-Oct-25,wtw-book-solo,1,399,399,122017
22-Oct-25,wtw-book-calendar,1,399,399,400068
22-Oct-25,wtw-book-calendar,1,399,399,560024
23-Oct-25,wtw-book-calendar-duo,2,399,798,370040
23-Oct-25,gift-wtw-book-solo-with-shipping,5,399,1995,410206
23-Oct-25,gift-wtw-book-solo-with-shipping,20,399,7980,410206
23-Oct-25,gift-wtw-book-solo-without-shipping,5,399,1995,122001
23-Oct-25,wtw-book-solo,1,399,399,600056
23-Oct-25,wtw-book-solo,1,399,399,224122
23-Oct-25,wtw-book-solo,1,399,399,530005
24-Oct-25,wtw-book-calendar,1,399,399,500009
24-Oct-25,wtw-book-calendar,1,399,399,201010
24-Oct-25,wtw-book-calendar,1,399,399,560068
24-Oct-25,wtw-book-calendar,1,399,399,711101
24-Oct-25,wtw-book-solo,1,399,399,440024
24-Oct-25,wtw-book-calendar,1,399,399,262701
24-Oct-25,wtw-book-solo,1,399,399,682019
24-Oct-25,wtw-book-calendar,1,399,399,732101
24-Oct-25,wtw-book-calendar,1,399,399,586101
24-Oct-25,wtw-book-calendar,1,399,399,110056
24-Oct-25,wtw-book-calendar,1,399,399,560102
24-Oct-25,wtw-book-calendar,1,399,399,382210
24-Oct-25,gift-wtw-book-solo-with-shipping,10,399,3990,226003
24-Oct-25,wtw-book-calendar,1,399,399,444105
24-Oct-25,wtw-book-calendar,1,399,399,560050
24-Oct-25,wtw-book-solo,1,399,399,410210
24-Oct-25,wtw-book-calendar,1,399,399,400057
24-Oct-25,gift-wtw-book-solo-with-shipping,50,399,19950,122001
24-Oct-25,wtw-book-calendar-duo,2,399,798,500081
25-Oct-25,gift-wtw-book-solo-with-shipping,50,399,19950,122001
25-Oct-25,wtw-book-calendar,1,399,399,110052
25-Oct-25,gift-wtw-book-solo-with-shipping,10,399,3990,21042-5331
25-Oct-25,wtw-book-calendar,1,399,399,411051
25-Oct-25,wtw-book-solo,1,399,399,364002
25-Oct-25,gift-wtw-book-solo-with-shipping,10,399,3990,410206
25-Oct-25,gift-wtw-book-solo-with-shipping,10,399,3990,69008
25-Oct-25,wtw-book-calendar-duo,2,399,798,560016
25-Oct-25,gift-wtw-book-solo-with-shipping,5,399,1995,226003
25-Oct-25,gift-wtw-book-solo-with-shipping,10,399,3990,141001
25-Oct-25,gift-wtw-book-solo-with-shipping,10,399,3990,21042-5331
25-Oct-25,gift-wtw-book-solo-with-shipping,5,399,1995,98296
25-Oct-25,wtw-book-solo,1,399,399,121006
25-Oct-25,wtw-book-calendar,1,399,399,560102
25-Oct-25,wtw-book-calendar,1,399,399,400067
25-Oct-25,wtw-book-calendar,1,399,399,411038
25-Oct-25,wtw-book-calendar,1,399,399,416119
25-Oct-25,wtw-book-calendar,1,399,399,400063
25-Oct-25,wtw-book-calendar,1,399,399,411045
25-Oct-25,wtw-book-calendar-duo,2,399,798,400604
25-Oct-25,wtw-book-solo,1,399,399,244001
25-Oct-25,wtw-book-solo,1,399,399,122002
25-Oct-25,wtw-book-calendar,1,399,399,305001
25-Oct-25,wtw-book-calendar,1,399,399,382213
25-Oct-25,wtw-book-solo,1,399,399,400056
25-Oct-25,wtw-book-solo,1,399,399,226016
25-Oct-25,wtw-book-calendar,1,399,399,415539
25-Oct-25,wtw-book-solo,1,399,399,400092
26-Oct-25,wtw-book-solo,1,399,399,122003
26-Oct-25,wtw-book-solo,1,399,399,400093
26-Oct-25,wtw-book-calendar,1,399,399,411060
26-Oct-25,wtw-book-calendar,1,399,399,500097
26-Oct-25,gift-wtw-book-solo-with-shipping,10,399,3990,86169
26-Oct-25,wtw-book-solo,1,399,399,444605
26-Oct-25,wtw-book-calendar,1,399,399,110059
26-Oct-25,wtw-book-calendar,1,399,399,395007
26-Oct-25,wtw-book-solo,1,399,399,456010
26-Oct-25,wtw-book-calendar,1,399,399,413002
26-Oct-25,wtw-book-solo,1,399,399,800020
26-Oct-25,wtw-book-solo,8,399,3192,490020
26-Oct-25,gift-wtw-book-solo-with-shipping,10,399,3990,400088
26-Oct-25,wtw-book-calendar-duo,2,399,798,600088
26-Oct-25,wtw-book-calendar,1,399,399,411021
26-Oct-25,wtw-book-solo,1,399,399,673572
26-Oct-25,wtw-book-calendar,1,399,399,500019
26-Oct-25,wtw-book-calendar,1,399,399,770001
26-Oct-25,wtw-book-calendar,1,399,399,452016
26-Oct-25,wtw-book-calendar,1,399,399,560048
27-Oct-25,wtw-book-solo,1,399,399,411027
27-Oct-25,wtw-book-calendar,1,399,399,444303
27-Oct-25,wtw-book-calendar,1,399,399,400013
27-Oct-25,wtw-book-solo,1,399,399,600091
27-Oct-25,wtw-book-solo,1,399,399,421201
27-Oct-25,wtw-book-solo,1,399,399,400104
27-Oct-25,wtw-book-solo,1,399,399,400077
27-Oct-25,wtw-book-solo,1,399,399,421503
27-Oct-25,wtw-book-calendar,1,399,399,560008
27-Oct-25,wtw-book-calendar-duo,2,399,798,600041
27-Oct-25,wtw-book-calendar-duo,2,399,798,560104
27-Oct-25,wtw-book-solo,1,399,399,411033
28-Oct-25,wtw-book-calendar,1,399,399,751030
28-Oct-25,wtw-book-calendar,1,399,399,756019
28-Oct-25,wtw-book-solo,1,399,399,500044
28-Oct-25,wtw-book-solo,1,399,399,411014
28-Oct-25,wtw-book-solo,1,399,399,244001
28-Oct-25,wtw-book-solo,1,399,399,517102
28-Oct-25,wtw-book-calendar,1,399,399,201009
28-Oct-25,wtw-book-solo,1,399,399,783101
28-Oct-25,wtw-book-calendar,1,399,399,122102
28-Oct-25,wtw-book-solo,1,399,399,560114
28-Oct-25,wtw-book-calendar,1,399,399,502319
28-Oct-25,wtw-book-calendar,1,399,399,122009
28-Oct-25,wtw-book-solo,1,399,399,400074
29-Oct-25,wtw-book-solo,1,399,399,390019
29-Oct-25,wtw-book-solo,1,399,399,411046
29-Oct-25,wtw-book-calendar,1,399,399,422009
29-Oct-25,wtw-book-solo,1,399,399,411057
29-Oct-25,wtw-book-calendar,1,399,399,560078
30-Oct-25,wtw-book-calendar,1,399,399,700025
30-Oct-25,wtw-book-calendar,1,399,399,761206
30-Oct-25,wtw-book-solo,1,399,399,416416
30-Oct-25,wtw-book-calendar,1,399,399,560087
30-Oct-25,wtw-book-calendar,1,399,399,462044
30-Oct-25,wtw-book-solo,1,399,399,421301
30-Oct-25,wtw-book-solo,1,399,399,122016
30-Oct-25,wtw-book-solo,1,399,399,636004
30-Oct-25,wtw-book-calendar,1,399,399,396001
30-Oct-25,wtw-book-calendar,1,399,399,400601
30-Oct-25,wtw-book-calendar,1,399,399,500089
30-Oct-25,wtw-book-calendar,1,399,399,600097
30-Oct-25,wtw-book-calendar,1,399,399,583104
30-Oct-25,wtw-book-calendar,1,399,399,403505
30-Oct-25,wtw-book-calendar,1,399,399,400614
30-Oct-25,wtw-book-calendar,1,399,399,380006
31-Oct-25,wtw-book-calendar,1,399,399,400610
31-Oct-25,wtw-book-solo,1,399,399,767023
31-Oct-25,wtw-book-calendar,1,399,399,560035
31-Oct-25,wtw-book-solo,1,399,399,400049
31-Oct-25,wtw-book-calendar,1,399,399,452018
31-Oct-25,wtw-book-solo,1,399,399,560094
31-Oct-25,wtw-book-solo,1,399,399,560079
31-Oct-25,wtw-book-solo,1,399,399,421301
31-Oct-25,wtw-book-calendar,1,399,399,500046
31-Oct-25,wtw-book-solo,1,399,399,193302
31-Oct-25,wtw-book-solo,1,399,399,201014
31-Oct-25,wtw-book-calendar,1,399,399,507001
31-Oct-25,wtw-book-calendar,1,399,399,201301
31-Oct-25,wtw-book-calendar-duo,2,399,798,560100
31-Oct-25,wtw-book-calendar,1,399,399,758035
31-Oct-25,wtw-book-calendar,1,399,399,122018
31-Oct-25,wtw-book-calendar,1,399,399,560040
31-Oct-25,wtw-book-calendar,1,399,399,522509
31-Oct-25,wtw-book-solo,1,399,399,380007
31-Oct-25,wtw-book-calendar,1,399,399,723101
31-Oct-25,wtw-book-calendar,1,399,399,492001
31-Oct-25,wtw-book-solo,1,399,399,815312
31-Oct-25,wtw-book-calendar,1,399,399,411041
31-Oct-25,wtw-book-calendar,1,399,399,390024
31-Oct-25,wtw-book-calendar,1,399,399,390004
31-Oct-25,wtw-book-calendar,1,399,399,302017
01-Nov-25,wtw-book-calendar,1,399,399,700103
01-Nov-25,wtw-book-calendar,1,399,399,440010
01-Nov-25,wtw-book-calendar,1,399,399,201014
01-Nov-25,wtw-book-solo,2,399,798,411045
01-Nov-25,wtw-book-calendar,1,399,399,574243
01-Nov-25,wtw-book-calendar,1,399,399,500010
01-Nov-25,wtw-book-solo,1,399,399,560114
01-Nov-25,wtw-book-calendar,1,399,399,411046
01-Nov-25,wtw-book-calendar,1,399,399,440009
01-Nov-25,wtw-book-solo,1,399,399,411020
01-Nov-25,wtw-book-solo,1,399,399,600062
01-Nov-25,wtw-book-calendar,1,399,399,411033
02-Nov-25,wtw-book-calendar-duo,2,399,798,411044
02-Nov-25,wtw-book-solo,1,399,399,201009
02-Nov-25,wtw-book-solo,1,399,399,560072
02-Nov-25,wtw-book-calendar-duo,2,399,798,201005
02-Nov-25,wtw-book-calendar,1,399,399,560087
02-Nov-25,gift-wtw-book-solo-with-shipping,20,399,7980,122001
03-Nov-25,wtw-book-calendar,1,399,399,400077
03-Nov-25,wtw-book-calendar,1,399,399,390011
03-Nov-25,wtw-book-solo,1,399,399,247001
03-Nov-25,wtw-book-solo,1,399,399,201306
03-Nov-25,wtw-book-solo,1,399,399,246761
03-Nov-25,wtw-book-calendar-duo,2,399,798,394510
03-Nov-25,wtw-book-calendar,1,399,399,411027
03-Nov-25,wtw-book-solo,1,399,399,400101
03-Nov-25,wtw-book-solo,1,399,399,854301
03-Nov-25,wtw-book-calendar,1,399,399,335001
03-Nov-25,wtw-book-solo,1,399,399,400703
03-Nov-25,wtw-book-solo,1,399,399,507101
04-Nov-25,wtw-book-calendar,1,399,399,711101
04-Nov-25,wtw-book-solo,1,399,399,110092
04-Nov-25,wtw-book-solo,1,399,399,831013
04-Nov-25,wtw-book-calendar,1,399,399,560037
04-Nov-25,wtw-book-solo,1,399,399,700006
04-Nov-25,gift-wtw-book-solo-with-shipping,5,399,1995,600014
04-Nov-25,wtw-book-solo,1,399,399,400705
04-Nov-25,wtw-book-calendar-duo,2,399,798,302034
04-Nov-25,wtw-book-calendar,1,399,399,363641
04-Nov-25,wtw-book-calendar,1,399,399,452007
04-Nov-25,wtw-book-solo,1,399,399,752002
04-Nov-25,wtw-book-calendar-duo,2,399,798,560066
04-Nov-25,wtw-book-solo,1,399,399,500032
05-Nov-25,wtw-book-solo,1,399,399,560036
05-Nov-25,wtw-book-solo,1,399,399,560048
05-Nov-25,wtw-book-solo,1,399,399,560048
05-Nov-25,wtw-book-solo,1,399,399,712149
05-Nov-25,wtw-book-solo,1,399,399,400069
05-Nov-25,wtw-book-solo,1,399,399,761200
05-Nov-25,gift-wtw-book-solo-with-shipping,5,399,1995,400072
05-Nov-25,wtw-book-calendar,1,399,399,122011
05-Nov-25,wtw-book-calendar,1,399,399,411038
05-Nov-25,wtw-book-calendar,1,399,399,560102
05-Nov-25,wtw-book-calendar,1,399,399,411027
05-Nov-25,wtw-book-solo,1,399,399,212601
05-Nov-25,wtw-book-solo,1,399,399,400101
05-Nov-25,wtw-book-solo,1,399,399,400601
05-Nov-25,wtw-book-solo,1,399,399,500032
06-Nov-25,wtw-book-solo,1,399,399,470001
06-Nov-25,wtw-book-calendar,1,399,399,122004
06-Nov-25,wtw-book-solo,1,399,399,560066
06-Nov-25,wtw-book-calendar,1,399,399,380057
06-Nov-25,wtw-book-calendar,1,399,399,363330
06-Nov-25,wtw-book-solo,1,399,399,600049
06-Nov-25,wtw-book-solo,1,399,399,122101
06-Nov-25,wtw-book-solo,1,399,399,362265
06-Nov-25,wtw-book-solo,1,399,399,136027
06-Nov-25,wtw-book-solo,1,399,399,411021
06-Nov-25,wtw-book-calendar,1,399,399,125001
06-Nov-25,wtw-book-solo,1,399,399,500026
06-Nov-25,wtw-book-calendar,1,399,399,700053
06-Nov-25,wtw-book-calendar,1,399,399,401303
07-Nov-25,wtw-book-calendar,1,399,399,122006
07-Nov-25,wtw-book-calendar,1,399,399,401105
07-Nov-25,wtw-book-solo,1,399,399,411023
07-Nov-25,wtw-book-solo,1,399,399,452001
07-Nov-25,wtw-book-solo,1,399,399,590003
07-Nov-25,wtw-book-calendar,1,399,399,560102
07-Nov-25,wtw-book-solo,1,399,399,244236
07-Nov-25,wtw-book-calendar,1,399,399,431203
07-Nov-25,wtw-book-solo,1,399,399,400708
07-Nov-25,wtw-book-solo,1,399,399,110049
07-Nov-25,wtw-book-solo,1,399,399,574213
07-Nov-25,wtw-book-solo,1,399,399,400072
07-Nov-25,wtw-book-calendar,1,399,399,110025
07-Nov-25,wtw-book-solo,1,399,399,560004
07-Nov-25,wtw-book-solo,1,399,399,400037
07-Nov-25,wtw-book-solo,2,399,798,560092
07-Nov-25,wtw-book-solo,1,399,399,517502
07-Nov-25,wtw-book-solo,1,399,399,400001
07-Nov-25,wtw-book-calendar,1,399,399,695024
07-Nov-25,wtw-book-solo,1,399,399,751003
07-Nov-25,wtw-book-calendar,1,399,399,502285
07-Nov-25,wtw-book-solo,1,399,399,522006
08-Nov-25,wtw-book-calendar,1,399,399,500084
08-Nov-25,wtw-book-calendar,1,399,399,751012
08-Nov-25,wtw-book-solo,1,399,399,396001
08-Nov-25,wtw-book-calendar,1,399,399,411057
08-Nov-25,wtw-book-calendar-duo,2,399,798,500010
08-Nov-25,wtw-book-solo,1,399,399,560076
08-Nov-25,wtw-book-solo,1,399,399,110084
08-Nov-25,wtw-book-solo,1,399,399,600018
08-Nov-25,wtw-book-calendar,1,399,399,786125
08-Nov-25,wtw-book-solo,1,399,399,274001
08-Nov-25,wtw-book-solo,1,399,399,396510
08-Nov-25,wtw-book-solo,1,399,399,562157
08-Nov-25,gift-wtw-book-solo-without-shipping,10,399,3990,591213
08-Nov-25,wtw-book-solo,1,399,399,490020
08-Nov-25,wtw-book-solo,1,399,399,271002
08-Nov-25,wtw-book-calendar,1,399,399,767001
08-Nov-25,gift-wtw-book-solo-with-shipping,5,399,1995,226003
08-Nov-25,wtw-book-solo,1,399,399,500035
08-Nov-25,wtw-book-calendar,1,399,399,500019
08-Nov-25,wtw-book-solo,1,399,399,560035
08-Nov-25,wtw-book-calendar,1,399,399,560071
08-Nov-25,wtw-book-solo,1,399,399,400016
08-Nov-25,wtw-book-solo,1,399,399,122007
08-Nov-25,wtw-book-calendar-duo,2,399,798,490020
08-Nov-25,wtw-book-solo,1,399,399,411057
08-Nov-25,wtw-book-solo,1,399,399,490020
08-Nov-25,wtw-book-solo,1,399,399,490020
08-Nov-25,wtw-book-solo,1,399,399,400077
08-Nov-25,wtw-book-calendar,1,399,399,733129
08-Nov-25,wtw-book-solo,1,399,399,580008
09-Nov-25,wtw-book-calendar-duo,2,399,798,522007
09-Nov-25,wtw-book-solo,1,399,399,560103
09-Nov-25,wtw-book-calendar,1,399,399,781019
09-Nov-25,wtw-book-solo,1,399,399,455001
09-Nov-25,wtw-book-solo,1,399,399,754028
09-Nov-25,wtw-book-solo,1,399,399,380055
09-Nov-25,wtw-book-solo,1,399,399,400708
09-Nov-25,wtw-book-solo,1,399,399,110043
09-Nov-25,wtw-book-solo,1,399,399,491001
09-Nov-25,wtw-book-solo,1,399,399,500037
09-Nov-25,wtw-book-calendar,1,399,399,247667
09-Nov-25,wtw-book-solo,1,399,399,753002
09-Nov-25,wtw-book-solo,1,399,399,560037
09-Nov-25,wtw-book-solo,1,399,399,695012
09-Nov-25,wtw-book-calendar,1,399,399,572104
09-Nov-25,wtw-book-solo,1,399,399,400053
09-Nov-25,wtw-book-calendar,1,399,399,502034
09-Nov-25,wtw-book-calendar,1,399,399,500067
09-Nov-25,wtw-book-solo,1,399,399,302039
09-Nov-25,wtw-book-solo,1,399,399,520002
09-Nov-25,wtw-book-calendar,1,399,399,400067
09-Nov-25,wtw-book-calendar-duo,2,399,798,700060
09-Nov-25,wtw-book-solo,1,399,399,400053
10-Nov-25,wtw-book-calendar,1,399,399,560100
10-Nov-25,wtw-book-solo,1,399,399,560085
10-Nov-25,wtw-book-solo,1,399,399,560102
10-Nov-25,wtw-book-calendar-duo,2,399,798,560066
10-Nov-25,wtw-book-solo,1,399,399,248001
10-Nov-25,wtw-book-solo,1,399,399,110044
10-Nov-25,wtw-book-calendar-duo,2,399,798,400051
10-Nov-25,wtw-book-calendar,1,399,399,147004
10-Nov-25,wtw-book-calendar,1,399,399,743428
10-Nov-25,wtw-book-solo,1,399,399,110085
10-Nov-25,wtw-book-solo,1,399,399,400057
10-Nov-25,wtw-book-solo,1,399,399,560078
10-Nov-25,wtw-book-solo,1,399,399,451111
10-Nov-25,wtw-book-solo,1,399,399,400703
10-Nov-25,wtw-book-solo,1,399,399,500072
10-Nov-25,wtw-book-solo,1,399,399,411034
10-Nov-25,wtw-book-calendar,1,399,399,400093
10-Nov-25,wtw-book-calendar,1,399,399,176052
10-Nov-25,wtw-book-calendar,1,399,399,453441
10-Nov-25,wtw-book-solo,1,399,399,500085
10-Nov-25,wtw-book-calendar-duo,2,399,798,333031
10-Nov-25,wtw-book-solo,1,399,399,560067
10-Nov-25,wtw-book-solo,1,399,399,600061
10-Nov-25,wtw-book-calendar,1,399,399,431001
10-Nov-25,wtw-book-calendar,1,399,399,560057
10-Nov-25,wtw-book-solo,1,399,399,431017
10-Nov-25,wtw-book-solo,1,399,399,443201
10-Nov-25,wtw-book-solo,1,399,399,494001
10-Nov-25,wtw-book-solo,1,399,399,231001
10-Nov-25,wtw-book-calendar,1,399,399,201310
10-Nov-25,wtw-book-calendar,1,399,399,560084
11-Nov-25,wtw-book-solo,1,399,399,560070
11-Nov-25,wtw-book-calendar,1,399,399,141013
11-Nov-25,wtw-book-calendar,1,399,399,753004
11-Nov-25,wtw-book-solo,1,399,399,201304
11-Nov-25,wtw-book-solo,1,399,399,591316
11-Nov-25,wtw-book-calendar,1,399,399,122010
11-Nov-25,wtw-book-calendar,1,399,399,560063
11-Nov-25,wtw-book-solo,1,399,399,400606
11-Nov-25,wtw-book-solo,1,399,399,201303
11-Nov-25,wtw-book-solo,1,399,399,132117
11-Nov-25,wtw-book-solo,1,399,399,831005
11-Nov-25,wtw-book-solo,1,399,399,281004
11-Nov-25,wtw-book-solo,1,399,399,474015
11-Nov-25,wtw-book-solo,1,399,399,400004
11-Nov-25,wtw-book-calendar,1,399,399,226028
11-Nov-25,wtw-book-solo,1,399,399,411058
11-Nov-25,wtw-book-calendar,1,399,399,482001
11-Nov-25,wtw-book-solo,1,399,399,490009
11-Nov-25,wtw-book-calendar,1,399,399,400064
11-Nov-25,wtw-book-solo,1,399,399,560048
11-Nov-25,wtw-book-solo,1,399,399,560098
11-Nov-25,wtw-book-calendar,1,399,399,421203
11-Nov-25,wtw-book-calendar-duo,2,399,798,380054
11-Nov-25,wtw-book-solo,1,399,399,560078
12-Nov-25,wtw-book-solo,1,399,399,570017
12-Nov-25,wtw-book-calendar,1,399,399,560034
12-Nov-25,wtw-book-solo,1,399,399,834002
12-Nov-25,wtw-book-solo,1,399,399,401202
12-Nov-25,wtw-book-solo,1,399,399,753007
12-Nov-25,wtw-book-solo,1,399,399,560048
12-Nov-25,wtw-book-solo,1,399,399,110058
12-Nov-25,wtw-book-solo,1,399,399,400099
12-Nov-25,wtw-book-calendar,1,399,399,560064
12-Nov-25,wtw-book-solo,1,399,399,560059
12-Nov-25,wtw-book-calendar,1,399,399,560103
12-Nov-25,wtw-book-calendar,1,399,399,400081
12-Nov-25,wtw-book-solo,1,399,399,500050
12-Nov-25,wtw-book-solo,1,399,399,201316
12-Nov-25,wtw-book-calendar,1,399,399,560054
12-Nov-25,wtw-book-solo,1,399,399,411014
12-Nov-25,wtw-book-calendar,1,399,399,570028
12-Nov-25,wtw-book-solo,1,399,399,411051
12-Nov-25,wtw-book-solo,1,399,399,560068
12-Nov-25,wtw-book-solo,1,399,399,247667
12-Nov-25,wtw-book-calendar,1,399,399,380015
12-Nov-25,wtw-book-solo,1,399,399,752050
12-Nov-25,wtw-book-solo,1,399,399,493111
12-Nov-25,wtw-book-calendar,1,399,399,388365
12-Nov-25,wtw-book-solo,1,399,399,411057
12-Nov-25,wtw-book-solo,1,399,399,700108
12-Nov-25,wtw-book-calendar,1,399,399,500090
12-Nov-25,wtw-book-solo,1,399,399,411061
12-Nov-25,wtw-book-solo,1,399,399,560060
12-Nov-25,wtw-book-calendar,1,399,399,752014
12-Nov-25,wtw-book-calendar,1,399,399,122017
12-Nov-25,wtw-book-solo,1,399,399,676504
12-Nov-25,wtw-book-solo,1,399,399,600033
12-Nov-25,wtw-book-solo,1,399,399,560103
12-Nov-25,wtw-book-solo,1,399,399,700046
12-Nov-25,wtw-book-solo,1,399,399,400089
12-Nov-25,wtw-book-calendar,1,399,399,682030
12-Nov-25,wtw-book-solo,1,399,399,400016
12-Nov-25,wtw-book-calendar,1,399,399,826001
12-Nov-25,wtw-book-calendar-duo,2,399,798,500097
12-Nov-25,wtw-book-solo,1,399,399,122009
12-Nov-25,wtw-book-solo,1,399,399,110059
12-Nov-25,wtw-book-calendar,1,399,399,382350
12-Nov-25,wtw-book-solo,1,399,399,700055
12-Nov-25,wtw-book-calendar-duo,2,399,798,401107
12-Nov-25,wtw-book-solo,1,399,399,262902
12-Nov-25,wtw-book-solo,1,399,399,641029
12-Nov-25,wtw-book-solo,1,399,399,411057
12-Nov-25,wtw-book-calendar,1,399,399,784523
12-Nov-25,wtw-book-solo,1,399,399,110075
12-Nov-25,wtw-book-solo,1,399,399,410206
12-Nov-25,wtw-book-solo,1,399,399,560078
12-Nov-25,wtw-book-solo,1,399,399,686576
12-Nov-25,wtw-book-solo,1,399,399,226021
12-Nov-25,wtw-book-solo,1,399,399,110052
12-Nov-25,wtw-book-solo,1,399,399,500010
12-Nov-25,wtw-book-solo,1,399,399,570024
12-Nov-25,wtw-book-solo,1,399,399,243122
12-Nov-25,wtw-book-calendar,1,399,399,560037
12-Nov-25,wtw-book-solo,1,399,399,452010
12-Nov-25,wtw-book-solo,1,399,399,387310
12-Nov-25,wtw-book-solo,1,399,399,600015
12-Nov-25,wtw-book-solo,1,399,399,244001
12-Nov-25,wtw-book-calendar,1,399,399,560093
12-Nov-25,wtw-book-calendar,1,399,399,127021
12-Nov-25,wtw-book-solo,1,399,399,570028
12-Nov-25,wtw-book-solo,1,399,399,400066
12-Nov-25,wtw-book-solo,1,399,399,500032
12-Nov-25,wtw-book-calendar,1,399,399,122018
12-Nov-25,wtw-book-solo,1,399,399,560064
12-Nov-25,wtw-book-calendar,1,399,399,411038
12-Nov-25,wtw-book-calendar,1,399,399,400099
12-Nov-25,wtw-book-calendar,1,399,399,638182
12-Nov-25,wtw-book-solo,1,399,399,452012
12-Nov-25,wtw-book-calendar,1,399,399,621704
12-Nov-25,wtw-book-calendar-duo,2,399,798,600088
12-Nov-25,wtw-book-solo,1,399,399,700028
12-Nov-25,wtw-book-calendar,1,399,399,208027
12-Nov-25,wtw-book-solo,1,399,399,382021
12-Nov-25,wtw-book-calendar,1,399,399,332602
12-Nov-25,wtw-book-solo,1,399,399,700156
12-Nov-25,wtw-book-calendar-duo,2,399,798,560077
12-Nov-25,wtw-book-solo,1,399,399,521165
12-Nov-25,wtw-book-solo,1,399,399,636007
12-Nov-25,wtw-book-solo,1,399,399,444605
12-Nov-25,wtw-book-solo,1,399,399,414306
12-Nov-25,wtw-book-solo,1,399,399,560100
12-Nov-25,wtw-book-solo,1,399,399,500046
12-Nov-25,wtw-book-solo,1,399,399,517503
12-Nov-25,wtw-book-solo,1,399,399,500006
13-Nov-25,wtw-book-solo,1,399,399,400075
13-Nov-25,wtw-book-calendar,1,399,399,783301
13-Nov-25,wtw-book-solo,1,399,399,262902
13-Nov-25,wtw-book-solo,1,399,399,110008
13-Nov-25,wtw-book-calendar-duo,2,399,798,201304
13-Nov-25,wtw-book-solo,1,399,399,411067
13-Nov-25,wtw-book-solo,1,399,399,411045
13-Nov-25,wtw-book-solo,1,399,399,229405
13-Nov-25,wtw-book-solo,1,399,399,110018
13-Nov-25,wtw-book-solo,1,399,399,560078
13-Nov-25,wtw-book-solo,1,399,399,600061
13-Nov-25,wtw-book-solo,1,399,399,452009
13-Nov-25,wtw-book-calendar,1,399,399,421201
13-Nov-25,wtw-book-solo,1,399,399,201306
13-Nov-25,wtw-book-solo,1,399,399,560041
13-Nov-25,wtw-book-solo,1,399,399,641602
13-Nov-25,wtw-book-solo,1,399,399,575001
13-Nov-25,wtw-book-solo,1,399,399,560010
13-Nov-25,wtw-book-calendar-duo,2,399,798,571311
13-Nov-25,wtw-book-solo,1,399,399,122002
13-Nov-25,wtw-book-solo,1,399,399,411019
13-Nov-25,wtw-book-solo,1,399,399,600041
13-Nov-25,wtw-book-calendar-duo,2,399,798,400072
13-Nov-25,wtw-book-solo,1,399,399,768210
13-Nov-25,wtw-book-solo,1,399,399,380026
13-Nov-25,wtw-book-solo,1,399,399,380009
13-Nov-25,wtw-book-solo,1,399,399,490001
13-Nov-25,wtw-book-solo,1,399,399,411046
13-Nov-25,wtw-book-calendar,1,399,399,361305
13-Nov-25,wtw-book-solo,1,399,399,335501
13-Nov-25,wtw-book-solo,1,399,399,140306
13-Nov-25,wtw-book-solo,1,399,399,625018
13-Nov-25,wtw-book-calendar,1,399,399,335804
13-Nov-25,wtw-book-calendar,1,399,399,144004
13-Nov-25,wtw-book-solo,1,399,399,302031
13-Nov-25,wtw-book-calendar,1,399,399,122103
13-Nov-25,wtw-book-solo,1,399,399,360575
13-Nov-25,wtw-book-calendar,1,399,399,500012
13-Nov-25,wtw-book-solo,1,399,399,535217
13-Nov-25,wtw-book-calendar,1,399,399,184121
13-Nov-25,wtw-book-solo,1,399,399,362220
13-Nov-25,wtw-book-solo,1,399,399,124001
13-Nov-25,wtw-book-calendar,1,399,399,812001
13-Nov-25,wtw-book-calendar,1,399,399,360005
13-Nov-25,wtw-book-solo,1,399,399,390018
13-Nov-25,wtw-book-solo,1,399,399,500084
13-Nov-25,wtw-book-solo,1,399,399,152002
13-Nov-25,wtw-book-calendar,1,399,399,122007
13-Nov-25,wtw-book-solo,1,399,399,784175
13-Nov-25,wtw-book-solo,1,399,399,600116
13-Nov-25,wtw-book-calendar,1,399,399,411038
13-Nov-25,wtw-book-solo,1,399,399,400066
13-Nov-25,wtw-book-solo,1,399,399,501203
13-Nov-25,wtw-book-solo,1,399,399,464001
13-Nov-25,wtw-book-solo,1,399,399,380007
13-Nov-25,wtw-book-solo,1,399,399,440023
13-Nov-25,wtw-book-solo,1,399,399,122101
13-Nov-25,wtw-book-solo,1,399,399,560003
13-Nov-25,wtw-book-solo,1,399,399,400074
13-Nov-25,wtw-book-calendar-duo,2,399,798,600126
13-Nov-25,wtw-book-calendar,1,399,399,121003
13-Nov-25,wtw-book-solo,1,399,399,581202
13-Nov-25,wtw-book-calendar,1,399,399,262802
13-Nov-25,wtw-book-solo,1,399,399,630001
13-Nov-25,wtw-book-solo,1,399,399,421201
13-Nov-25,wtw-book-solo,1,399,399,110070
13-Nov-25,wtw-book-solo,1,399,399,700020
13-Nov-25,wtw-book-solo,1,399,399,244001
13-Nov-25,wtw-book-solo,1,399,399,400089
13-Nov-25,wtw-book-solo,1,399,399,110088
13-Nov-25,wtw-book-solo,1,399,399,440008
13-Nov-25,wtw-book-solo,1,399,399,504001
13-Nov-25,wtw-book-solo,1,399,399,380013
13-Nov-25,wtw-book-solo,1,399,399,380058
13-Nov-25,wtw-book-calendar,1,399,399,560075
13-Nov-25,wtw-book-solo,1,399,399,629158
13-Nov-25,wtw-book-solo,1,399,399,560054
13-Nov-25,wtw-book-calendar,1,399,399,143006
13-Nov-25,wtw-book-solo,1,399,399,400705
13-Nov-25,wtw-book-calendar,1,399,399,380015
13-Nov-25,wtw-book-calendar,1,399,399,247001
13-Nov-25,wtw-book-solo,1,399,399,695547
13-Nov-25,wtw-book-calendar,1,399,399,560020
13-Nov-25,wtw-book-calendar,1,399,399,411037
13-Nov-25,wtw-book-calendar,1,399,399,521001
13-Nov-25,wtw-book-solo,1,399,399,700064
13-Nov-25,wtw-book-calendar,1,399,399,121004
13-Nov-25,wtw-book-solo,1,399,399,560100
13-Nov-25,wtw-book-solo,1,399,399,560093
13-Nov-25,wtw-book-solo,1,399,399,600043
13-Nov-25,wtw-book-solo,1,399,399,493114
13-Nov-25,wtw-book-solo,1,399,399,560029
13-Nov-25,wtw-book-solo,2,399,798,580008
13-Nov-25,wtw-book-solo,1,399,399,134108
13-Nov-25,wtw-book-solo,1,399,399,560103
13-Nov-25,wtw-book-solo,1,399,399,201318
13-Nov-25,wtw-book-solo,1,399,399,122018
13-Nov-25,wtw-book-solo,1,399,399,201001
13-Nov-25,wtw-book-solo,1,399,399,700141
13-Nov-25,wtw-book-solo,1,399,399,360007
13-Nov-25,wtw-book-solo,1,399,399,712221
13-Nov-25,wtw-book-solo,1,399,399,110096
13-Nov-25,wtw-book-calendar-duo,2,399,798,400092
13-Nov-25,wtw-book-solo,1,399,399,411028
13-Nov-25,wtw-book-solo,1,399,399,410210
13-Nov-25,wtw-book-solo,1,399,399,122003
13-Nov-25,gift-wtw-book-solo-with-shipping,10,399,3990,2536
14-Nov-25,wtw-book-solo,1,399,399,695009
14-Nov-25,wtw-book-solo,1,399,399,600131
14-Nov-25,wtw-book-calendar,1,399,399,638001
14-Nov-25,wtw-book-solo,1,399,399,411021
14-Nov-25,wtw-book-calendar,1,399,399,500008
14-Nov-25,wtw-book-calendar,1,399,399,211002
14-Nov-25,wtw-book-calendar-duo,2,399,798,400067
14-Nov-25,wtw-book-solo,1,399,399,208004
14-Nov-25,wtw-book-solo,1,399,399,700144
14-Nov-25,wtw-book-solo,1,399,399,490006
14-Nov-25,wtw-book-solo,1,399,399,533242
14-Nov-25,wtw-book-solo,1,399,399,400093
14-Nov-25,wtw-book-calendar,1,399,399,400086
14-Nov-25,wtw-book-calendar,1,399,399,400097
14-Nov-25,wtw-book-solo,1,399,399,400072
14-Nov-25,wtw-book-solo,1,399,399,380051
14-Nov-25,wtw-book-calendar,1,399,399,382424
14-Nov-25,wtw-book-solo,1,399,399,403501
14-Nov-25,wtw-book-solo,1,399,399,400007
14-Nov-25,wtw-book-solo,1,399,399,136033
14-Nov-25,wtw-book-solo,1,399,399,560094
14-Nov-25,wtw-book-solo,1,399,399,712308
14-Nov-25,wtw-book-calendar,1,399,399,575030
14-Nov-25,wtw-book-solo,1,399,399,335501
14-Nov-25,wtw-book-calendar,1,399,399,202001
14-Nov-25,wtw-book-solo,1,399,399,284002
14-Nov-25,wtw-book-calendar,1,399,399,301026
14-Nov-25,wtw-book-solo,1,399,399,411028
14-Nov-25,wtw-book-calendar,1,399,399,560093
14-Nov-25,wtw-book-solo,1,399,399,700042
14-Nov-25,wtw-book-calendar-duo,2,399,798,500084
14-Nov-25,wtw-book-solo,1,399,399,734101
14-Nov-25,wtw-book-calendar,1,399,399,440024
14-Nov-25,wtw-book-solo,1,399,399,500061
14-Nov-25,wtw-book-solo,1,399,399,570011
14-Nov-25,wtw-book-solo,1,399,399,262802
14-Nov-25,wtw-book-solo,1,399,399,688013
14-Nov-25,wtw-book-solo,1,399,399,400053
14-Nov-25,wtw-book-solo,1,399,399,560100
14-Nov-25,wtw-book-solo,1,399,399,416002
14-Nov-25,wtw-book-calendar,1,399,399,494001
14-Nov-25,wtw-book-calendar,1,399,399,452001
14-Nov-25,wtw-book-solo,1,399,399,302019
14-Nov-25,wtw-book-solo,1,399,399,110018
14-Nov-25,wtw-book-calendar,1,399,399,401107
14-Nov-25,wtw-book-solo,1,399,399,334001
14-Nov-25,wtw-book-solo,1,399,399,600125
14-Nov-25,wtw-book-solo,1,399,399,110084
14-Nov-25,wtw-book-solo,1,399,399,424104
14-Nov-25,wtw-book-calendar,1,399,399,302021
14-Nov-25,wtw-book-solo,1,399,399,743252
14-Nov-25,wtw-book-solo,1,399,399,500040
14-Nov-25,wtw-book-solo,1,399,399,574144
14-Nov-25,wtw-book-solo,1,399,399,462016
14-Nov-25,wtw-book-solo,1,399,399,680014
14-Nov-25,wtw-book-solo,1,399,399,560097
14-Nov-25,wtw-book-calendar,1,399,399,560100
14-Nov-25,wtw-book-solo,1,399,399,401101
14-Nov-25,wtw-book-solo,1,399,399,370430
14-Nov-25,wtw-book-solo,1,399,399,400053
14-Nov-25,wtw-book-calendar,1,399,399,110092
14-Nov-25,wtw-book-solo,1,399,399,110006
14-Nov-25,wtw-book-solo,1,399,399,505001
14-Nov-25,wtw-book-solo,1,399,399,411033
14-Nov-25,gift-wtw-book-solo-with-shipping,100,399,39900,122001
15-Nov-25,wtw-book-solo,1,399,399,110075
15-Nov-25,wtw-book-solo,1,399,399,700104
15-Nov-25,wtw-book-solo,1,399,399,142001
15-Nov-25,wtw-book-solo,1,399,399,560029
15-Nov-25,wtw-book-solo,1,399,399,560029
15-Nov-25,wtw-book-solo,1,399,399,201010
15-Nov-25,wtw-book-solo,1,399,399,686001
15-Nov-25,wtw-book-solo,1,399,399,410207
15-Nov-25,wtw-book-solo,1,399,399,110045
15-Nov-25,wtw-book-solo,1,399,399,422013
15-Nov-25,wtw-book-solo,1,399,399,110086
15-Nov-25,wtw-book-solo,1,399,399,560087
15-Nov-25,wtw-book-solo,1,399,399,411028
15-Nov-25,wtw-book-solo,1,399,399,560109
15-Nov-25,wtw-book-solo,1,399,399,400601
15-Nov-25,wtw-book-solo,1,399,399,600091
15-Nov-25,wtw-book-solo,1,399,399,751015
15-Nov-25,wtw-book-solo,1,399,399,530008
15-Nov-25,wtw-book-solo,1,399,399,201005
15-Nov-25,wtw-book-solo,1,399,399,221106
15-Nov-25,wtw-book-solo,2,399,798,575028
15-Nov-25,wtw-book-solo,1,399,399,560029
15-Nov-25,wtw-book-solo,1,399,399,440003
15-Nov-25,wtw-book-solo,1,399,399,122508
15-Nov-25,wtw-book-solo,1,399,399,390022
15-Nov-25,wtw-book-calendar,1,399,399,711405
15-Nov-25,wtw-book-solo,1,399,399,803101
15-Nov-25,wtw-book-solo,1,399,399,500075
15-Nov-25,wtw-book-calendar,1,399,399,110009
15-Nov-25,wtw-book-solo,1,399,399,524314
15-Nov-25,wtw-book-solo,1,399,399,695501
15-Nov-25,wtw-book-solo,1,399,399,380061
15-Nov-25,wtw-book-calendar,1,399,399,486889
15-Nov-25,wtw-book-solo,1,399,399,800009
15-Nov-25,wtw-book-solo,1,399,399,758027
15-Nov-25,wtw-book-calendar,1,399,399,201301
15-Nov-25,wtw-book-solo,1,399,399,560037
15-Nov-25,wtw-book-solo,1,399,399,711102
15-Nov-25,wtw-book-solo,1,399,399,688533
15-Nov-25,wtw-book-solo,1,399,399,400064
15-Nov-25,wtw-book-calendar,1,399,399,147201
15-Nov-25,wtw-book-solo,2,399,798,600126
15-Nov-25,wtw-book-calendar,1,399,399,641017
15-Nov-25,wtw-book-solo,1,399,399,334001
15-Nov-25,wtw-book-solo,1,399,399,110052
15-Nov-25,wtw-book-solo,1,399,399,800011
15-Nov-25,wtw-book-solo,1,399,399,400615
15-Nov-25,wtw-book-calendar,1,399,399,562110
15-Nov-25,wtw-book-solo,1,399,399,400077
15-Nov-25,wtw-book-solo,1,399,399,450331
15-Nov-25,wtw-book-solo,1,399,399,110085
15-Nov-25,wtw-book-solo,1,399,399,560040
15-Nov-25,wtw-book-solo,1,399,399,500019
15-Nov-25,wtw-book-solo,1,399,399,713303
15-Nov-25,wtw-book-solo,1,399,399,390002
15-Nov-25,wtw-book-calendar,1,399,399,560035
15-Nov-25,wtw-book-solo,1,399,399,630002
15-Nov-25,wtw-book-solo,1,399,399,630002
15-Nov-25,wtw-book-solo,1,399,399,400072
15-Nov-25,wtw-book-solo,1,399,399,201301
15-Nov-25,wtw-book-calendar,1,399,399,560034
15-Nov-25,wtw-book-solo,1,399,399,560068
15-Nov-25,wtw-book-calendar,1,399,399,560035
15-Nov-25,wtw-book-calendar-duo,2,399,798,416215
15-Nov-25,wtw-book-solo,1,399,399,453441
15-Nov-25,wtw-book-solo,1,399,399,605008
15-Nov-25,wtw-book-solo,1,399,399,413510
15-Nov-25,wtw-book-calendar-duo,2,399,798,400016
15-Nov-25,wtw-book-solo,1,399,399,411018
15-Nov-25,wtw-book-calendar,1,399,399,411048
15-Nov-25,wtw-book-calendar,1,399,399,411047
15-Nov-25,wtw-book-solo,1,399,399,581400
15-Nov-25,wtw-book-solo,1,399,399,400701
15-Nov-25,wtw-book-calendar,1,399,399,201301
15-Nov-25,wtw-book-solo,2,399,798,689501
15-Nov-25,wtw-book-solo,1,399,399,400607
15-Nov-25,wtw-book-calendar,1,399,399,560087
15-Nov-25,wtw-book-solo,1,399,399,670521
15-Nov-25,wtw-book-calendar,1,399,399,411045
15-Nov-25,wtw-book-solo,1,399,399,560076
15-Nov-25,wtw-book-calendar-duo,2,399,798,416005
15-Nov-25,wtw-book-solo,1,399,399,173230
15-Nov-25,wtw-book-solo,1,399,399,201304
15-Nov-25,wtw-book-solo,1,399,399,415311
15-Nov-25,wtw-book-solo,1,399,399,110058
16-Nov-25,gift-wtw-book-solo-with-shipping,50,399,19950,122001
16-Nov-25,wtw-book-solo,1,399,399,396191
16-Nov-25,wtw-book-solo,1,399,399,411014
16-Nov-25,wtw-book-solo,1,399,399,380015
16-Nov-25,wtw-book-solo,1,399,399,575003
16-Nov-25,wtw-book-solo,1,399,399,713213
16-Nov-25,wtw-book-solo,1,399,399,421301
16-Nov-25,wtw-book-solo,1,399,399,364006
16-Nov-25,wtw-book-solo,1,399,399,370001
16-Nov-25,wtw-book-solo,1,399,399,768203
16-Nov-25,wtw-book-solo,1,399,399,123401
16-Nov-25,wtw-book-solo,1,399,399,201306
16-Nov-25,wtw-book-solo,1,399,399,572102
16-Nov-25,wtw-book-solo,1,399,399,721302
16-Nov-25,wtw-book-solo,1,399,399,148028
16-Nov-25,wtw-book-solo,1,399,399,492001
16-Nov-25,wtw-book-solo,1,399,399,144005
16-Nov-25,wtw-book-solo,1,399,399,411009
16-Nov-25,wtw-book-solo,1,399,399,211003
16-Nov-25,wtw-book-solo,1,399,399,122051
16-Nov-25,wtw-book-solo,1,399,399,508213
16-Nov-25,wtw-book-solo,1,399,399,560091
16-Nov-25,wtw-book-solo,2,399,798,600002
